Symbol,Monthly_Return_1,Monthly_Return_2,Monthly_Return_3,Monthly_Return_4,Monthly_Return_5,Monthly_Return_6,Monthly_Return_7,Monthly_Return_8,Monthly_Return_9,Monthly_Return_10,Monthly_Return_11
A,-3.2,-6.6,-7.1,11.2,18.8,-1.7,9.3,4.2,-0.2,0.9,14.5
AAL,-6.4,-29.0,-36.0,12.3,-1.3,17.6,-13.2,17.4,-6.2,-10.3,25.3
AAN,3.9,-33.7,-42.1,61.7,21.0,21.6,15.2,7.1,0.2,-7.0,20.4
AAOI,-4.9,-21.0,-15.0,46.4,-12.7,18.8,39.5,-18.2,-3.6,-21.7,-5.4
AAON,6.1,4.9,-12.2,1.6,19.3,0.0,12.5,-3.9,5.4,-3.5,11.5
AAP,-17.7,0.9,-29.8,35.6,19.5,1.9,5.8,4.1,-1.8,-4.9,0.3
AAPL,5.4,-11.7,-7.0,22.0,10.0,13.3,16.7,21.4,-13.7,-6.8,9.4
AAT,-0.7,-9.0,-39.7,25.3,-4.4,4.7,-4.0,-5.4,-5.4,-15.6,37.1
AAWW,-18.9,19.6,-3.9,37.2,22.3,5.6,18.7,8.3,6.1,-5.8,-5.7
AAXN,4.8,0.7,-8.5,12.3,9.3,9.3,-16.3,3.1,3.7,3.4,27.1
ABBV,-8.5,5.8,-11.1,12.0,11.9,8.2,-4.3,0.9,-5.0,-2.3,22.9
ABC,0.6,-1.4,5.0,4.0,10.4,5.9,0.7,-3.2,2.8,0.7,7.3
ABCB,-5.5,-15.0,-30.5,12.8,2.2,-2.0,3.1,6.3,-7.0,27.2,16.1
ABG,-13.7,-8.1,-37.7,42.9,10.0,6.3,32.9,5.6,-9.9,2.7,9.5
ABM,1.1,-13.7,-26.0,47.6,-7.6,12.6,-0.1,6.2,-4.0,-5.5,10.9
ABMD,9.2,-19.3,-3.4,32.4,22.0,6.8,17.5,2.6,-9.8,-3.3,8.8
ABT,0.3,-11.6,2.4,20.3,5.6,-1.7,9.8,8.8,2.1,-3.2,3.0
ABTX,-1.1,-10.8,-27.3,12.8,4.6,-0.1,2.1,4.2,-8.7,20.0,11.9
ACA,-1.8,-1.8,-7.5,-0.3,8.3,11.8,2.7,9.6,-6.5,4.5,12.4
ACC,-2.5,-5.3,-36.1,39.7,-1.4,2.5,-2.1,-4.9,3.2,2.2,6.2
ACHC,-3.3,-7.9,-38.0,39.9,27.3,-12.7,16.9,3.7,-3.6,19.0,19.1
ACIW,-9.1,-19.1,-13.3,22.0,4.2,-2.7,-0.8,9.7,-12.9,8.6,11.7
ACLS,0.2,-0.7,-23.7,33.5,19.4,6.3,8.3,-19.7,-9.1,-4.2,22.2
ACM,11.8,-6.8,-33.6,33.4,10.7,-4.2,-0.3,9.2,5.5,6.2,15.7
ACN,-2.5,-12.0,-9.6,19.7,12.0,5.6,4.7,6.7,-5.8,-3.7,14.8
ADBE,6.5,-1.7,-7.8,17.4,12.4,11.7,1.0,15.5,-7.1,-10.5,7.0
ADC,8.2,-5.4,-13.8,7.4,0.3,2.0,-1.2,-0.1,-3.9,-3.8,6.2
ADI,-7.6,-0.6,-17.8,30.3,9.0,8.7,-4.6,1.8,-1.7,-0.4,17.3
ADM,-3.4,-15.9,-6.6,9.7,11.9,2.6,8.7,4.5,3.0,-0.8,7.6
ADNT,21.0,-6.9,-62.1,98.1,18.5,-7.1,3.9,4.2,-2.3,9.3,47.5
ADP,0.5,-9.7,-11.7,13.1,4.3,2.3,-10.9,4.6,0.7,14.7,10.1
ADS,-8.4,-16.5,-60.8,61.3,-0.1,-9.6,1.4,1.7,-7.1,18.6,41.9
ADSK,7.3,-3.0,-18.2,34.4,20.3,9.1,-2.0,3.9,-8.9,0.7,19.0
ADTN,-8.5,-11.1,-4.5,33.9,14.2,-6.9,17.1,-10.7,-8.5,3.8,18.2
ADUS,-3.0,-19.2,-11.4,24.1,23.0,-6.0,4.2,-2.9,1.6,-0.1,1.7
AEE,6.8,-3.7,-7.8,7.4,4.6,-5.4,10.7,-1.4,0.8,1.6,-4.1
AEGN,-6.6,-13.8,-0.4,-2.0,2.0,5.0,-2.2,5.0,-14.0,-0.9,21.5
AEIS,-1.8,-15.0,-18.5,25.9,25.8,2.1,11.7,0.7,-15.0,5.3,43.0
AEL,-11.8,-4.3,-25.6,28.6,11.1,15.9,9.1,-6.1,-8.1,-21.7,5.9
AEO,-2.0,-10.6,-38.3,13.2,18.2,10.2,-7.6,26.1,15.9,-8.1,31.2
AEP,10.3,-14.4,-10.4,11.5,4.7,-7.5,6.0,-9.3,5.0,8.3,-5.6
AES,-0.2,-15.8,-18.7,3.5,-3.5,15.5,5.7,16.5,1.1,8.8,4.8
AFG,-0.8,-15.0,-24.2,1.7,-2.9,5.2,0.0,10.0,0.6,8.7,19.3
AFL,-2.5,-16.9,-20.1,16.7,-0.4,-2.5,0.5,2.1,-1.0,-6.7,29.4
AGCO,-9.2,-13.8,-21.8,18.3,9.8,-2.0,21.6,8.3,1.2,5.1,20.1
AGO,-6.5,-11.0,-36.8,24.2,-10.3,-8.6,-8.0,-1.7,0.0,16.4,18.0
AGYS,27.9,-1.1,-48.0,26.0,6.5,-10.9,19.8,21.0,-6.3,9.4,38.0
AHH,-0.1,-8.6,-36.2,-0.6,-7.9,14.5,-5.5,4.8,-8.6,-5.4,17.8
AIG,-2.1,-16.1,-42.5,17.7,25.8,2.1,8.7,-9.3,-5.6,13.6,22.1
AIN,-8.1,-8.2,-26.1,17.6,19.8,-4.8,-14.9,7.9,-5.9,0.8,34.5
AIR,-5.6,-18.9,-48.6,18.7,10.0,2.9,-18.0,17.2,-7.4,1.9,45.8
AIT,-3.2,-8.6,-22.5,21.1,12.8,6.4,3.7,-4.6,-11.8,10.0,28.5
AIV,2.1,-9.2,-26.5,16.6,1.1,-0.8,0.0,-7.2,-6.3,-9.3,-4.9
AIZ,-0.4,-7.6,-13.7,4.0,0.3,0.2,6.3,13.1,-1.5,1.6,3.8
AJG,7.7,-5.0,-16.4,1.9,21.6,3.2,10.4,-2.0,-0.1,-1.8,11.3
AJRD,14.0,-5.4,-15.1,1.9,7.1,-9.2,5.5,0.3,-3.2,-19.2,15.5
AKAM,8.1,-7.3,5.8,6.7,10.4,1.3,5.7,3.5,-7.1,-13.5,8.8
AKR,-4.3,-8.0,-45.8,12.6,-0.9,2.6,-7.8,-5.8,-7.2,-12.5,52.2
ALB,9.9,2.0,-31.1,12.0,33.2,-0.3,8.4,10.4,-8.3,7.5,45.9
ALE,2.8,-17.4,-12.0,1.3,5.5,-7.8,7.1,-9.0,-2.9,-1.0,9.0
ALEX,4.3,-14.0,-40.3,32.3,-2.5,5.7,-3.4,2.5,-8.1,10.9,21.8
ALG,-0.8,-11.1,-19.9,19.8,10.3,2.2,1.8,7.6,-6.0,11.3,12.8
ALGN,-7.9,-15.1,-20.3,36.7,20.8,9.5,7.3,1.1,7.2,34.2,13.0
ALGT,-3.4,-19.3,-39.6,10.1,44.3,0.2,3.5,14.8,-6.8,14.0,26.3
ALK,-4.7,-21.9,-43.6,23.4,13.6,0.4,-3.5,13.1,-6.4,2.7,34.5
ALL,5.4,-11.2,-12.8,17.7,-1.9,-2.1,-1.2,-1.5,1.3,-3.8,15.3
ALLE,3.8,-11.1,-20.0,18.9,2.3,1.6,-2.4,4.0,-3.1,0.0,15.8
ALRM,2.2,9.8,-19.4,17.9,13.1,27.9,5.0,-14.5,-11.7,1.5,30.1
ALXN,-8.1,-5.4,-4.5,19.5,15.4,-5.6,-8.8,11.4,1.6,-0.4,6.1
AM,-33.6,-13.5,-51.8,131.7,0.4,8.1,9.2,19.4,-16.5,10.4,17.6
AMAT,-5.0,0.2,-21.2,14.7,19.8,8.6,7.8,-4.2,-3.9,-2.3,39.3
AMBC,-0.6,-10.3,-35.8,51.3,-20.3,4.9,-8.2,-1.3,1.7,-4.7,19.2
AMCR,-2.3,-12.0,-12.9,14.1,17.6,0.3,-0.3,7.4,-1.7,-5.3,8.6
AMCX,-7.4,-15.3,-21.6,6.3,17.6,-21.7,-1.3,5.2,7.9,-12.4,55.2
AMD,2.5,-3.2,0.0,20.0,7.9,-1.9,47.3,17.3,-11.1,-11.3,23.1
AME,-2.6,-11.5,-16.3,20.1,13.9,-2.9,6.5,8.0,-2.6,-1.7,20.7
AMED,5.7,-1.4,5.5,6.5,4.5,5.0,13.9,3.3,-2.2,9.9,-5.5
AMG,-5.8,-5.8,-21.4,24.6,2.5,9.2,-3.5,-0.2,0.3,11.7,15.6
AMGN,-10.4,-7.6,1.5,20.9,-0.6,3.9,-4.1,3.5,1.3,-15.1,2.4
AMN,8.1,9.2,-21.5,-19.3,0.3,1.5,23.0,-2.0,8.0,14.0,-0.2
AMP,-0.7,-14.6,-27.5,21.9,25.9,4.2,5.3,2.1,-1.9,3.6,15.2
AMPH,-2.0,-18.6,-3.6,18.9,10.8,17.9,-9.9,1.8,-5.3,2.9,-9.3
AMSF,3.6,-4.8,-1.1,-0.4,-1.8,0.1,5.6,5.2,-14.0,2.9,-7.2
AMT,0.8,-2.1,-4.0,15.0,10.2,-2.2,-1.5,-4.7,-2.5,-5.2,0.7
AMWD,4.9,-23.6,-45.6,22.1,24.2,16.8,11.5,8.5,-12.6,0.6,5.9
AMZN,8.7,-6.2,3.5,29.7,6.8,11.6,9.9,9.0,-10.0,-5.7,4.3
AN,-12.7,0.7,-34.3,40.4,10.1,-4.6,38.8,10.8,-9.0,4.0,8.0
ANDE,-10.5,-18.8,2.1,-4.8,-19.7,5.8,6.2,24.7,7.6,13.6,4.8
ANET,9.8,-13.5,4.9,13.8,12.4,-10.5,24.0,-14.0,-7.7,0.9,29.6
ANF,-5.4,-19.7,-30.8,29.5,15.0,-7.0,-9.1,35.1,7.5,-2.9,45.9
ANGO,-14.0,-16.6,-9.2,8.1,1.5,-2.0,-18.3,13.4,29.1,-9.9,37.5
ANIK,-20.7,1.6,-30.8,16.7,3.8,11.3,-5.6,5.3,-3.6,-12.3,15.9
ANIP,0.5,-22.6,-15.1,5.9,-19.9,3.2,-7.1,5.9,-7.7,-10.2,16.0
ANSS,6.6,-11.7,-4.0,23.9,10.7,1.8,5.5,9.1,-4.8,-9.1,11.1
ANTM,-12.2,-3.1,-11.7,31.0,9.1,-9.3,1.9,2.8,-1.6,1.0,14.2
AON,5.7,-5.6,-20.7,12.4,10.5,-1.8,7.4,-2.5,1.8,-10.8,11.3
AOS,-10.4,-7.4,-4.4,19.0,14.0,-0.4,4.0,1.7,7.0,-3.5,8.9
APA,7.2,-9.2,-83.2,225.4,-4.3,15.1,18.1,-3.6,-36.6,-10.8,55.3
APD,1.6,-8.0,-9.1,19.2,8.7,-0.5,17.6,2.0,-1.6,-6.3,1.4
APEI,-13.0,-6.6,7.5,12.8,27.9,-8.4,-3.6,8.0,-11.5,-1.2,9.8
APH,-8.1,-7.8,-20.5,27.0,12.9,-2.0,11.2,3.8,-2.3,2.8,15.9
APOG,-2.1,-5.1,-31.0,16.0,5.7,6.0,-3.5,-3.1,-0.2,14.2,9.8
APTV,-10.7,-7.9,-37.0,51.5,14.6,1.7,3.1,10.8,5.3,2.7,23.0
ARCB,-19.2,-11.2,-11.6,26.4,8.1,19.1,18.8,11.3,-10.6,-1.6,37.3
ARE,1.0,-6.9,-9.8,19.7,1.8,5.3,7.3,-5.2,-3.9,-7.2,8.1
ARI,-0.1,-11.4,-54.2,34.0,1.0,13.0,-2.1,-3.9,-0.1,-5.0,23.9
ARLO,1.4,-23.2,-25.9,31.7,-16.9,8.9,61.7,35.8,-9.5,-15.7,17.9
ARNC,#N/A,#N/A,#N/A,26.0,69.2,-6.7,23.1,36.6,-16.2,15.5,26.5
AROC,-16.8,-15.6,-46.7,48.5,42.1,-0.2,1.7,-1.5,-20.4,9.0,31.0
ARR,7.8,-6.1,-51.3,22.9,-3.0,14.5,1.1,3.7,-2.9,-0.1,10.9
ARW,-10.4,-11.7,-22.7,25.4,10.7,-1.4,8.6,9.7,0.0,-1.4,17.7
ARWR,-33.9,-15.6,-18.6,29.8,-1.0,29.7,-2.5,-1.9,10.4,28.0,9.1
ASB,-9.6,-15.1,-24.5,14.5,1.7,-3.9,-3.7,4.7,-6.3,8.0,11.9
ASGN,-4.6,-25.1,-30.3,45.4,16.1,5.9,4.7,4.8,-13.3,4.4,17.2
ASH,-3.3,-3.3,-30.0,30.5,14.1,2.9,10.2,-2.4,-6.6,-1.9,7.7
ASIX,-6.2,-22.4,-34.3,21.8,-3.5,-3.1,13.4,2.2,-3.9,15.8,16.8
ASTE,-1.8,-8.9,-6.9,6.5,10.7,10.3,0.2,18.5,0.0,-5.5,14.2
ATGE,-1.3,-10.5,-13.2,21.3,5.8,-8.5,10.3,-3.3,-29.0,-4.6,22.1
ATI,-16.5,-0.9,-50.3,-3.7,20.9,11.9,-13.2,-4.1,3.4,-0.1,46.5
ATNI,4.5,-6.9,8.9,11.2,3.5,-0.1,-5.8,0.6,-12.4,-9.4,9.5
ATO,4.6,-11.8,-3.9,7.7,2.7,-3.3,5.3,-5.8,-1.9,-4.0,4.6
ATR,-0.1,-12.5,-1.5,11.3,4.9,0.5,2.4,2.8,-5.3,0.3,10.7
ATVI,-1.6,-0.6,2.3,10.8,11.2,4.0,5.9,1.1,-2.9,-8.4,5.0
AVA,5.7,-7.3,-9.9,9.0,-4.2,-6.5,0.9,-0.7,-6.6,-3.5,12.9
AVAV,7.9,-22.8,18.6,10.7,19.6,15.1,0.6,-0.2,-23.8,24.1,11.8
AVB,3.3,-7.4,-26.6,18.1,-1.5,-3.6,-3.7,3.2,-5.6,-10.6,19.7
AVD,-4.1,-18.4,-5.2,-7.2,-1.8,4.7,0.6,5.1,-10.7,-1.6,17.3
AVGO,-3.4,-10.7,-13.0,21.5,12.2,8.8,1.3,9.6,1.3,-5.1,14.9
AVNS,-18.3,17.7,-16.9,32.2,-6.5,3.1,2.2,5.6,3.0,6.6,19.9
AVNT,-9.8,-25.4,-23.4,31.7,11.3,2.5,-6.1,6.8,-1.2,15.9,17.6
AVT,-14.0,-15.9,-18.2,21.8,-8.6,1.0,-0.7,3.0,-6.6,-6.2,23.0
AVY,0.3,-12.8,-11.0,15.1,2.4,1.0,-0.6,1.8,8.7,11.0,7.9
AWK,10.9,-9.2,-3.3,7.9,6.5,0.7,12.7,-4.0,3.4,1.3,1.9
AWR,2.2,-13.5,6.7,5.9,5.5,-3.1,-2.0,-1.0,-0.3,-1.9,-1.2
AX,-7.0,-11.6,-27.2,40.1,-0.7,1.8,7.4,10.6,-6.0,15.5,22.9
AXL,-14.1,-31.5,-43.0,30.5,69.7,0.8,-2.4,10.2,-27.7,10.7,18.5
AXP,4.3,-15.4,-22.1,17.2,7.6,-1.6,-0.8,8.9,-2.2,-10.0,30.0
AYI,-14.6,-12.7,-16.7,7.3,4.6,4.0,7.6,10.3,-6.1,-13.2,33.2
AZO,-11.2,-2.4,-18.1,31.3,15.4,-0.9,6.8,-0.9,-3.7,-4.5,0.8
AZZ,-10.2,-10.6,-23.8,20.0,7.0,8.3,-5.1,10.0,-2.9,-1.5,32.7
B,2.0,-15.0,-22.1,2.9,3.5,2.6,-4.0,7.4,-7.5,2.4,25.4
BA,-2.3,-13.6,-45.8,7.9,9.4,21.1,-12.4,8.7,-4.0,-14.0,45.9
BAC,-6.8,-13.2,-25.5,21.6,4.5,-3.5,7.0,3.5,-6.3,-1.7,18.8
BANC,-7.1,-3.9,-47.8,50.8,7.0,0.1,6.7,2.5,-9.2,16.6,10.8
BANF,-7.4,-11.2,-35.0,31.4,1.5,8.4,13.9,1.0,-7.1,8.6,22.0
BANR,-8.9,-11.5,-27.6,22.0,1.1,1.6,-3.1,1.9,-11.1,13.7,12.1
BAX,6.7,-6.4,-2.7,12.9,2.5,-4.7,-1.1,0.8,-6.0,-2.7,-1.9
BBBY,-17.6,-24.1,-61.1,63.3,29.0,41.3,1.7,12.6,14.9,5.6,5.9
BBY,-3.5,-10.7,-24.7,42.4,8.1,12.6,14.0,11.4,-1.9,-2.2,-2.5
BC,4.8,-15.4,-33.5,52.7,24.6,12.4,3.8,-7.6,-7.7,5.7,17.2
BCC,-0.9,-2.0,-33.0,42.2,12.1,10.8,27.8,-1.7,-16.0,-5.4,12.7
BCEI,-22.1,-10.4,-30.9,51.2,0.1,-21.0,20.1,10.2,-5.0,-3.0,24.6
BCO,-7.2,-7.0,-33.5,9.8,-17.7,9.3,-0.2,9.0,-9.5,1.5,56.7
BCOR,-13.7,-22.8,-30.7,22.6,-14.4,-8.5,2.7,1.2,-19.6,5.1,31.1
BCPC,6.3,-12.6,4.5,-4.1,15.4,-3.7,9.3,-2.6,-1.1,1.3,3.7
BDC,-10.4,-19.0,-9.6,0.7,2.7,-5.8,0.7,6.6,-8.4,-1.2,24.6
BDN,-0.8,-13.1,-22.5,18.3,-8.8,9.2,0.8,2.8,-5.0,-16.7,27.1
BDX,1.2,-13.6,-3.4,12.0,-2.0,-2.3,16.5,-13.7,-3.4,0.1,1.6
BEAT,5.7,-12.7,-9.9,32.9,3.7,-4.4,-6.6,-7.0,14.7,-5.3,30.1
BELFB,-15.5,-33.9,-14.9,-15.2,-6.2,14.4,20.1,-1.5,-12.2,10.1,25.2
BEN,-2.6,-14.0,-23.3,18.8,4.7,7.6,4.2,0.0,-3.2,-6.2,17.3
BF.B,0.1,-9.2,-9.6,16.3,8.0,-2.8,7.5,5.5,3.7,-7.6,15.7
BFS,-6.4,-12.9,-23.9,8.8,-6.9,2.6,-5.8,-8.8,-5.5,-8.7,26.1
BGS,-10.4,-7.8,22.2,10.4,18.2,0.9,19.6,7.7,-9.0,-4.5,4.3
BHE,-10.4,-11.7,-26.5,12.8,6.9,0.4,1.5,-3.7,3.7,2.8,16.8
BHF,-0.8,-7.9,-32.6,21.3,20.2,-9.4,8.1,7.1,-11.7,19.2,6.0
BHLB,-14.4,-13.3,-39.1,19.3,-33.1,2.4,-2.4,-7.8,10.3,27.4,25.9
BIG,-5.8,-41.6,-10.1,70.1,61.3,12.6,-3.6,19.9,-7.4,5.8,8.6
BIIB,-9.4,14.7,2.6,1.2,4.8,-11.2,3.7,4.7,1.4,-11.7,-4.7
BIO,-2.5,-2.5,-0.4,31.4,13.8,-8.3,15.5,-3.1,1.1,12.6,-8.2
BJ,-9.8,-6.1,32.2,4.9,37.6,1.6,6.1,10.9,-6.8,-6.7,7.1
BJRI,4.8,-17.2,-57.8,87.2,9.0,-3.9,-1.6,57.1,-10.3,-6.7,17.1
BK,-11.0,-10.9,-15.6,14.8,3.2,2.5,-4.6,3.2,-7.7,0.6,13.9
BKE,-9.7,-7.3,-39.4,22.2,-1.8,10.3,3.5,16.9,6.6,12.9,11.9
BKH,5.7,-13.0,-11.3,5.9,3.3,-6.5,0.1,-3.1,-3.0,5.0,7.4
BKNG,-10.9,-7.4,-20.7,16.4,13.2,-4.7,0.2,14.9,-11.3,-6.9,25.0
BKR,-15.5,-25.7,-34.7,42.3,20.5,-5.8,0.5,-7.8,-4.3,15.8,26.7
BKU,-9.7,-10.0,-37.0,15.2,-0.9,6.4,7.0,16.1,-7.0,13.9,12.9
BLD,11.1,-11.8,-29.1,47.9,28.8,-4.1,18.1,16.6,4.0,-13.4,13.7
BLDR,-2.4,-8.4,-46.1,59.8,20.7,-3.7,20.1,29.3,5.3,-8.6,23.5
BLK,4.9,-12.2,-5.0,22.6,9.2,1.1,5.6,3.3,-5.5,5.5,16.5
BLKB,-1.6,-13.4,-18.1,5.6,10.0,-4.3,6.6,2.1,-14.5,-11.0,11.7
BLL,11.6,-2.4,-8.2,2.2,8.6,-2.4,4.2,9.2,1.4,7.7,7.9
BLMN,-5.9,-13.4,-60.3,96.6,8.0,-7.5,7.7,24.5,-5.2,-11.5,25.2
BMI,-9.0,1.9,-11.0,24.1,7.1,2.5,-0.1,-1.5,4.2,10.5,12.4
BMY,-1.9,-6.2,-5.6,10.9,-0.9,-2.5,-1.3,6.0,-1.1,-2.3,6.8
BNED,-19.4,-3.8,-58.9,46.7,-8.3,10.3,22.5,7.5,11.2,-14.5,57.8
BOH,-5.8,-16.9,-25.8,28.9,-0.2,-4.6,-5.6,-2.8,-8.0,21.2,23.5
BOOM,-6.9,-13.8,-36.2,16.9,16.5,-4.1,9.3,20.6,-8.7,11.9,14.8
BOOT,-5.7,-26.9,-57.8,60.4,19.1,-2.9,-7.9,45.8,-1.5,9.0,28.9
BPFH,-5.2,-14.4,-26.7,4.3,-2.1,2.5,-8.0,0.9,-7.8,11.0,15.9
BR,-3.6,-12.4,-9.1,27.0,7.1,3.2,5.6,2.3,-5.3,2.7,6.7
BRC,-3.3,-14.5,-4.7,3.5,19.5,-7.9,1.3,2.0,-15.0,-6.9,17.1
BRK.B,-0.9,-8.1,-11.4,6.5,1.6,-2.9,10.0,11.4,-2.6,-4.8,13.4
BRKL,-7.7,-8.7,-18.7,-4.8,-1.0,7.8,0.6,0.1,-10.1,10.4,18.7
BRKS,-9.2,-9.4,-11.6,31.7,13.6,8.3,25.3,-5.2,-11.6,-3.5,56.3
BRO,13.7,-4.2,-15.8,4.3,14.7,1.3,10.7,2.0,-3.0,-3.2,3.5
BRX,-7.6,-8.8,-47.8,33.8,0.5,6.3,-12.3,2.5,-2.8,-9.3,39.3
BSIG,-9.9,1.5,-31.7,23.7,11.6,45.7,9.2,3.1,-7.5,7.8,28.3
BSX,-7.4,-10.7,-12.7,24.1,5.6,-6.4,9.3,6.4,-7.9,-10.8,-3.3
BWA,-21.0,-7.8,-22.9,26.1,18.4,6.1,6.9,10.9,-6.8,-11.5,11.1
BXP,4.0,-10.1,-28.5,14.0,-7.5,1.6,-1.1,-2.5,-5.9,-12.6,35.6
BXS,-9.0,-14.4,-22.7,19.7,5.3,3.6,-4.6,3.1,-11.1,18.1,8.3
BYD,-0.3,-10.5,-46.0,28.2,31.7,-5.3,16.9,13.1,11.0,0.9,21.3
C,-6.9,-14.7,-33.6,26.1,5.3,3.3,-0.7,2.2,-15.8,-4.7,33.0
CABO,14.5,-7.7,4.5,24.1,1.4,-5.8,2.5,1.0,2.8,-6.4,14.4
CACI,7.0,-8.4,-13.8,22.5,-0.3,-13.7,-4.9,12.7,-10.1,-3.1,13.8
CADE,-13.8,-9.7,-53.6,11.4,33.8,8.7,-4.4,21.6,-7.7,25.9,24.2
CAG,-3.9,-18.9,9.9,12.4,4.5,1.3,5.0,2.4,-5.6,-2.2,4.2
CAH,1.2,1.8,-8.0,3.7,15.3,-4.6,5.7,-7.1,-4.8,-0.6,19.2
CAKE,-1.2,-7.2,-52.1,41.8,6.7,10.3,10.3,23.0,-9.8,3.9,26.1
CAL,-26.1,-34.3,-54.9,112.9,-2.0,11.5,-20.3,23.8,9.3,-21.6,53.3
CALM,-16.5,-2.2,26.1,0.1,5.0,0.5,0.0,-12.2,-1.0,-0.1,2.0
CAMP,0.4,0.0,-53.2,61.9,19.4,2.6,-0.6,3.7,-13.9,-3.8,28.8
CAR,1.7,-1.3,-57.1,28.2,54.9,-6.5,15.2,31.7,-25.5,17.2,4.5
CARR,#N/A,#N/A,#N/A,17.7,22.1,1.8,20.5,9.6,0.8,8.5,14.0
CASH,1.9,-11.7,-33.9,4.7,5.3,-1.4,6.6,3.3,0.2,48.3,12.8
CASY,1.2,1.3,-18.7,18.9,6.7,-7.3,6.1,11.7,0.8,-6.5,7.8
CAT,-11.1,-5.4,-6.6,4.5,8.3,5.0,5.4,7.1,2.1,7.0,10.5
CATM,0.8,-19.4,-42.3,43.8,17.4,-5.3,-3.9,-2.8,-8.8,-12.7,36.3
CATO,-7.8,0.8,-34.0,16.6,-14.8,-10.2,-11.2,11.3,-4.9,-21.8,31.7
CATY,-5.2,-14.6,-25.4,28.8,3.8,-2.0,-4.2,2.1,-12.0,8.4,20.1
CB,-2.4,-4.6,-23.0,3.7,20.0,5.9,1.3,-1.8,-7.0,12.1,13.8
CBB,30.9,-4.8,12.2,0.3,-0.1,1.0,0.6,0.3,-0.3,0.0,1.1
CBOE,2.7,-7.5,-21.7,12.7,13.2,-11.2,-9.1,4.7,-2.6,-8.2,12.3
CBRE,-0.4,-8.0,-32.8,20.1,10.8,2.4,-2.3,7.3,-1.7,6.3,21.3
CBRL,-0.5,-6.3,-41.9,32.8,14.3,3.0,1.1,21.0,-15.6,-0.4,22.6
CBSH,-0.4,-9.8,-17.5,23.5,9.5,-6.4,-1.1,4.0,-4.5,11.4,6.0
CBT,-16.1,-6.2,-30.1,27.9,12.2,1.5,-0.1,1.5,-4.6,4.7,8.9
CBU,-6.6,-8.2,-3.3,6.2,-1.3,-3.3,2.3,7.0,-10.7,6.7,7.3
CC,-23.3,7.1,-40.3,55.6,19.9,13.1,28.7,11.5,-3.8,-1.9,20.8
CCI,5.4,-4.4,0.8,15.9,10.1,-3.7,-3.0,-2.1,2.7,-7.0,7.3
CCL.U,-14.4,-23.1,-60.6,80.7,13.0,-2.3,-15.2,18.7,-8.1,-8.8,45.7
CCMP,0.8,-4.3,-18.0,20.3,21.2,-2.8,13.0,1.0,-8.1,-2.6,8.5
CCOI,7.8,2.9,12.3,3.7,-6.8,-1.0,9.5,-25.4,-12.3,-7.7,4.2
CCRN,-14.8,-4.2,-28.9,-13.1,-5.5,0.3,8.1,-1.5,0.5,24.8,10.8
CCS,8.5,12.3,-56.5,73.6,45.4,3.0,21.1,0.2,9.6,-11.5,14.6
CDAY,8.0,-3.5,-29.2,28.2,21.5,10.4,-7.0,1.6,-1.2,3.3,11.8
CDK,-1.8,-14.3,-28.6,29.7,4.3,2.0,10.6,2.6,-6.2,-2.1,11.1
CDNS,4.0,-8.3,-0.2,24.4,20.4,4.7,12.5,1.5,-6.4,0.7,6.3
CDW,-8.7,-12.4,-18.3,24.7,3.8,3.8,0.6,-2.2,6.2,-0.7,6.4
CE,-15.9,-9.4,-21.7,22.1,13.4,-3.4,13.4,4.1,2.2,7.0,13.9
CEIX,-44.0,-30.0,-35.1,97.1,-1.4,-25.2,17.4,-12.1,-13.6,-8.0,39.6
CENT,3.7,-16.9,2.7,20.1,12.4,0.3,6.1,7.5,-3.4,-3.2,2.8
CENX,-29.6,9.6,-37.6,29.5,31.0,17.3,27.9,13.3,-30.0,-5.1,54.3
CERN,-2.1,-3.6,-9.1,14.3,9.3,-5.6,-0.1,5.6,-0.2,-3.1,6.8
CEVA,1.4,3.9,-12.2,27.5,15.1,9.4,10.3,5.1,-8.9,-0.2,-2.6
CF,-15.6,-8.5,-26.2,6.4,10.4,-4.9,9.8,4.1,-8.1,-7.6,35.1
CFFN,-4.0,-7.4,-4.9,6.5,0.2,-4.3,-9.2,-3.2,-1.3,23.2,7.3
CFG,-8.2,-15.0,-40.6,29.4,12.5,2.1,2.4,4.3,-3.4,7.2,19.9
CFR,-8.8,-12.1,-28.8,34.6,11.4,-1.7,1.0,-3.6,-8.2,10.2,19.4
CFX,-3.4,-4.8,-40.8,48.5,18.0,-0.7,5.6,14.4,-6.2,-13.7,32.7
CGNX,-9.0,-12.6,-5.2,34.8,8.3,5.0,13.2,3.5,-7.0,0.5,14.0
CHCO,-7.7,-7.6,-4.8,4.9,-2.8,5.2,0.7,2.4,-9.3,6.1,8.7
CHCT,10.1,1.0,-19.6,25.0,-2.3,10.0,9.2,2.1,0.5,-5.8,-2.5
CHD,5.5,-6.3,-7.7,9.7,5.4,2.7,23.7,-0.5,-1.7,-5.1,-0.7
CHDN,5.2,-13.0,-18.1,15.7,41.4,1.3,5.0,26.2,-7.8,-12.2,20.6
CHE,6.3,-10.6,3.7,4.0,12.0,-4.0,7.0,5.1,-6.7,-0.5,0.0
CHEF,-4.5,-15.9,-67.1,52.4,16.9,-14.1,-15.0,28.4,-6.0,-12.2,70.5
CHH,-3.1,-8.9,-32.9,28.1,13.4,-4.5,3.5,18.1,-12.3,-0.1,14.1
CHRS,0.2,7.3,-16.2,9.5,16.3,-4.3,-3.6,7.8,-1.9,-7.7,10.7
CHRW,-7.6,-4.6,-3.9,6.5,14.5,-2.0,18.5,4.9,3.0,-12.6,6.3
CHS,2.1,3.1,-67.8,31.6,-1.5,-0.7,-4.5,0.8,-25.2,10.4,41.1
CHTR,6.7,-4.7,-11.5,16.8,6.7,-5.8,11.1,6.1,1.2,-4.9,8.0
CHUY,-5.3,-12.7,-53.0,94.0,-1.2,-6.8,8.4,39.8,-14.3,5.9,12.9
CHX,-23.4,-28.1,-69.1,51.0,1.9,6.7,1.1,7.7,-22.4,9.8,36.1
CI,-5.9,-4.9,-3.1,13.1,5.5,-5.3,-9.3,2.7,-3.8,-0.2,25.3
CIEN,-4.7,-5.5,3.5,15.7,19.2,-3.3,11.0,-4.6,-32.3,-0.9,13.7
CINF,-0.2,-11.2,-19.1,-10.6,-3.3,7.4,21.6,1.9,-2.5,-7.5,7.9
CIR,-10.2,-13.4,-67.7,55.0,27.7,21.7,7.0,13.1,-9.0,1.1,18.5
CIT,0.2,-13.1,-56.5,26.8,3.5,7.8,-2.6,3.7,-9.0,57.3,13.7
CKH,-12.9,-0.8,-27.7,12.8,0.0,8.0,7.6,8.7,-7.4,4.6,8.5
CL,7.2,-8.4,-1.8,7.2,5.5,0.7,5.7,2.7,-1.2,2.4,8.6
CLB,-6.7,-23.6,-61.5,106.6,15.5,2.7,4.8,-1.9,-27.6,1.1,52.0
CLDT,-10.9,-14.7,-57.4,37.0,-3.4,-10.9,-14.0,32.8,6.9,-5.9,49.8
CLF,-16.4,-17.2,-32.0,15.3,24.9,3.8,-3.5,27.0,-5.0,23.6,33.0
CLGX,6.4,-2.4,-32.7,27.3,22.1,34.9,2.6,-2.6,1.7,13.6,0.7
CLH,-4.1,-15.4,-26.2,16.4,15.1,-1.3,2.2,2.5,-6.6,-6.0,36.6
CLI,-5.1,-13.6,-19.8,11.6,-0.2,-0.1,-4.6,-12.4,1.7,-14.5,24.3
CLW,32.0,-3.3,-20.0,34.9,27.2,16.3,3.2,-8.8,7.8,-1.8,-6.0
CLX,2.5,1.3,8.7,6.7,7.0,7.4,7.7,-5.5,-4.5,-2.1,-2.1
CMA,-14.8,-13.9,-44.3,28.3,10.7,1.4,7.2,2.6,-4.1,19.5,8.1
CMC,-7.7,-11.1,-13.5,2.9,7.5,16.8,4.1,0.9,-5.9,2.7,-3.6
CMCSA,-4.0,-6.4,-15.0,16.1,7.1,-3.0,7.8,4.7,2.7,-9.0,18.9
CMD,-8.2,-3.0,-43.1,12.2,26.9,2.1,6.4,11.1,-15.5,8.6,24.2
CME,8.2,-8.4,-13.0,7.2,5.2,-10.8,-1.6,5.8,-3.7,-11.5,16.1
CMG,3.5,-10.8,-15.4,41.8,14.7,0.4,8.1,13.4,-9.4,-3.0,7.3
CMI,-10.6,-5.4,-10.6,25.4,7.7,2.0,13.1,7.2,0.0,6.2,5.1
CMO,3.8,-13.6,-40.8,35.9,3.5,7.0,11.8,0.3,-9.9,-8.3,10.2
CMP,-5.0,-5.8,-29.5,33.2,4.0,0.1,3.9,11.8,2.8,1.1,3.4
CMS,9.0,-11.8,-2.8,2.5,4.7,-1.0,7.0,-5.7,2.0,2.7,-2.8
CMTL,-18.5,-3.1,-52.6,58.2,-2.2,-7.9,1.8,1.1,-13.1,3.9,32.4
CNC,-0.1,-15.6,12.1,18.6,2.0,-3.3,-0.2,-6.0,-5.0,0.5,4.3
CNK,-6.9,-17.6,-60.7,77.8,11.2,-26.1,-7.8,23.8,-32.2,-18.6,88.6
CNMD,-9.1,-6.9,-39.5,46.9,13.1,-2.6,13.9,4.6,-9.2,-0.4,30.7
CNO,-3.0,-8.9,-22.7,28.3,6.5,5.7,1.1,7.9,-5.5,8.9,19.9
CNP,-2.9,-13.1,-32.9,20.6,8.0,3.4,-1.3,5.6,-3.2,8.9,9.7
CNSL,24.5,28.8,-26.8,47.9,7.1,3.5,11.3,6.6,-25.9,-18.5,19.9
CNX,-18.3,-26.6,0.2,93.8,0.4,-12.6,14.7,13.6,-11.2,4.1,-3.0
CNXN,0.4,-18.4,1.3,18.7,8.1,10.5,-6.9,1.4,-9.3,10.0,0.2
COF,-3.0,-11.6,-42.9,44.9,10.5,-9.3,5.1,8.2,4.8,0.2,17.2
COG,-19.1,-1.1,23.4,29.9,-1.9,-13.4,10.0,1.4,-6.6,5.6,-1.5
COHR,-15.0,-9.0,-17.3,28.2,17.8,-10.4,9.5,-18.9,0.3,10.8,-2.7
COHU,-2.1,-8.5,-39.5,41.3,-0.9,14.2,13.5,-8.7,-5.7,18.4,30.6
COKE,-4.7,-27.5,6.2,21.3,4.9,-5.9,0.0,19.1,-12.3,-4.3,14.3
COLB,-4.9,-14.2,-19.3,4.5,0.2,15.1,8.2,-3.5,-13.5,17.9,11.3
COLM,-6.3,-13.4,-14.2,10.1,9.1,7.2,-5.1,12.8,-2.8,-15.5,9.8
CONE,-7.0,-0.4,1.9,14.2,6.7,-2.0,9.8,0.1,-15.0,-3.3,-1.6
CONN,-29.3,-7.0,-48.7,99.4,15.3,40.7,-0.2,28.3,-22.9,-8.6,18.3
COO,8.0,-6.4,-15.1,5.0,13.1,-10.0,-1.6,11.1,9.0,-5.8,5.1
COOP,-1.0,3.6,-42.9,39.0,26.7,10.4,36.7,12.2,16.3,-9.0,26.5
COP,-8.6,-18.5,-36.4,42.1,7.8,-3.2,-8.2,1.3,-11.6,-11.7,38.2
COR,4.8,-11.7,11.7,6.7,3.3,-3.2,2.9,-5.1,-2.3,-0.3,5.1
CORE,-13.8,-1.8,24.2,10.9,-0.7,-8.1,6.1,26.0,-13.6,-5.8,14.0
CORT,4.7,-0.4,-5.8,8.3,24.1,10.9,-12.5,-15.1,38.8,-3.5,34.9
COST,3.9,-8.0,1.4,5.7,2.2,-1.6,6.8,6.8,1.0,-0.2,9.5
COTY,-8.8,-10.0,-44.1,22.2,-29.9,1.8,-14.1,-3.5,-24.8,1.8,147.9
CPB,-2.1,-6.8,2.3,8.7,1.1,-4.0,0.5,6.1,-5.9,-3.8,7.2
CPE,-37.9,-24.3,-75.9,129.2,-18.5,59.4,-0.9,-41.8,-23.7,8.7,81.8
CPF,-6.3,-13.7,-33.5,18.6,-4.0,0.2,2.4,-0.4,-12.7,2.5,19.0
CPK,0.4,-11.1,0.2,9.8,4.2,-6.3,-0.2,-3.2,5.0,16.0,7.0
CPRI,-21.5,-13.8,-58.2,71.2,7.7,-7.0,-2.3,5.7,13.8,17.2,66.7
CPRT,11.6,-16.7,-18.9,23.6,13.8,-7.1,10.2,10.8,1.1,2.9,4.6
CPS,-20.0,-34.8,-40.6,34.8,-6.7,21.0,-14.7,69.2,-23.9,18.1,116.2
CPSI,-1.5,3.0,-16.9,14.8,-4.2,3.9,10.2,10.9,2.8,0.8,1.9
CPT,6.0,-5.7,-25.2,17.5,7.6,-2.2,-3.2,0.1,-2.2,0.3,7.1
CR,-1.1,-20.5,-27.6,16.2,8.3,4.9,-0.6,-0.1,-13.2,2.7,37.0
CREE,0.7,-3.8,-20.7,37.1,32.4,12.0,19.8,-8.4,-0.4,-3.4,42.1
CRI,-3.0,-13.8,-28.1,24.5,14.4,-8.5,-3.5,1.1,10.6,-7.0,9.3
CRL,1.2,0.6,-18.9,21.0,29.6,-3.0,13.3,10.0,4.8,-1.2,3.0
CRM,12.1,-6.5,-15.5,20.8,11.8,6.2,1.5,39.9,-10.6,-8.4,5.8
CRMT,0.1,-6.4,-45.2,34.0,25.2,7.7,12.4,5.6,-17.4,-0.7,20.8
CROX,-9.5,-31.0,-35.1,56.0,29.8,24.7,1.5,11.0,6.6,15.8,12.5
CRS,-20.2,-7.5,-46.9,20.8,9.1,2.4,-6.4,-5.9,-14.6,-4.6,39.8
CRUS,-6.8,-10.6,-4.4,25.0,2.3,-13.9,13.8,-11.6,10.4,0.7,16.3
CRVL,4.8,-24.7,-20.9,3.3,32.3,4.8,12.0,4.4,2.8,4.2,-1.8
CRY,9.8,-13.8,-34.0,36.7,2.5,-16.4,2.0,4.2,-7.0,-8.6,24.2
CSCO,-4.1,-13.1,-1.6,10.6,16.9,0.7,2.3,-10.4,-6.3,-7.5,19.8
CSGS,-3.8,-11.2,-5.4,19.1,-1.7,-13.4,1.1,1.0,-3.5,-7.6,14.5
CSII,-6.6,-17.1,-6.4,18.8,-3.9,-18.1,-2.6,7.2,23.0,-5.6,-3.3
CSL,-3.5,-7.0,-13.8,3.3,4.3,-2.0,2.1,10.0,-7.6,0.9,16.9
CSX,5.5,-7.7,-18.7,20.7,10.1,-1.6,4.5,7.2,-0.5,2.7,14.1
CTAS,3.7,-4.4,-35.1,36.4,17.1,6.1,12.7,10.4,-0.7,-8.0,13.0
CTB,-7.9,-3.8,-36.1,28.0,24.0,9.5,15.6,11.3,-11.3,3.8,15.5
CTLT,8.5,-15.7,0.8,44.0,16.7,-4.4,19.0,5.9,-5.5,1.7,9.5
CTRE,7.5,-5.9,-29.1,24.9,18.6,-9.9,4.5,7.5,-7.6,-6.0,13.6
CTS,-2.3,-11.1,-4.5,6.8,-4.7,-4.2,2.3,5.2,3.6,22.8,10.2
CTSH,-1.0,-0.7,-23.7,36.5,-6.2,7.5,21.1,-2.1,3.7,3.0,9.4
CTVA,-2.2,-5.9,-13.6,16.3,7.1,-0.1,5.6,0.0,-2.1,15.0,16.2
CTXS,9.3,-14.7,36.9,4.2,3.9,0.9,-4.4,1.7,-5.2,-18.6,9.4
CUB,2.7,-16.6,-24.1,-0.7,8.7,15.6,-12.3,12.1,20.6,2.7,-0.9
CUBI,-10.2,-5.1,-46.1,27.2,-6.9,8.7,4.8,7.8,-11.2,21.9,22.2
CUTR,-21.3,-12.1,-47.3,6.7,1.5,-8.4,20.6,15.0,18.6,3.4,32.2
CUZ,-0.7,-12.8,-18.0,8.5,7.0,-4.2,2.4,-2.8,-3.4,-12.9,31.1
CVBF,-3.8,-10.7,8.1,7.8,-2.5,-2.4,-0.2,0.8,-8.2,5.8,8.5
CVCO,14.7,-10.0,-28.1,31.1,27.5,2.0,5.3,-4.7,-10.1,-5.9,4.6
CVET,-6.8,-9.7,-26.7,65.1,39.9,12.6,28.7,3.4,10.5,0.8,9.4
CVGW,-15.4,-5.4,-20.4,2.5,4.8,8.8,-6.6,9.9,3.4,-0.8,6.7
CVLT,0.9,-7.4,-2.9,13.4,-2.4,-5.7,13.0,-1.9,-6.0,-4.4,20.6
CVS,-8.7,-12.7,0.3,5.5,9.8,-1.0,-2.5,-1.3,-3.1,-3.0,20.9
CVX,-11.1,-12.9,-22.4,34.2,2.5,-3.8,-4.2,0.0,-13.3,-1.3,25.4
CW,3.2,-17.5,-23.0,19.6,1.2,-11.4,2.3,14.8,-8.9,-10.2,36.6
CWT,1.9,-8.8,4.9,-0.2,1.6,3.2,-2.4,-3.3,-3.1,-0.2,11.0
CXO,-13.5,-10.2,-37.0,36.2,-3.9,-9.0,3.3,-1.1,-13.7,-2.0,38.5
CXW,-8.2,-7.1,-24.6,30.2,-1.1,-25.4,-5.2,4.5,-15.0,-21.6,10.6
CYH,47.9,14.9,-32.3,2.4,12.5,-5.6,59.6,3.8,-17.9,44.4,31.1
CYTK,15.9,13.3,-15.4,35.5,42.9,12.8,-8.4,10.8,-10.3,-32.3,9.3
CZR,0.2,-16.1,-71.3,83.4,88.2,11.0,-24.0,47.5,19.6,-21.5,52.0
D,3.5,-8.8,-7.7,10.3,12.4,-5.5,-1.6,-3.2,1.4,2.2,-2.3
DAKT,-3.1,-16.6,0.2,2.3,-4.7,1.4,-2.6,6.0,-5.3,-2.7,15.6
DAL,-4.7,-17.2,-38.2,8.5,4.5,7.2,-9.9,23.5,-0.4,-1.5,31.4
DAN,-15.3,-6.7,-45.7,62.2,17.3,-6.9,-2.9,22.0,-14.4,5.7,20.4
DAR,-3.4,-5.3,-25.4,19.4,17.6,5.7,17.6,14.5,9.3,15.2,12.3
DBD,9.0,-39.0,-49.9,61.1,9.6,8.4,14.8,19.7,-5.4,-19.1,52.0
DBI,-9.5,-5.1,-63.1,55.6,0.0,5.0,-9.6,19.3,-30.3,-23.0,82.4
DCI,-10.0,-13.1,-14.3,21.5,11.4,-3.0,6.6,4.2,-8.8,1.2,12.1
DCOM,-7.1,-13.5,-18.3,27.1,-9.5,-3.9,-8.6,9.8,-12.7,11.7,14.2
DD,-20.3,-16.2,-20.5,44.6,12.6,4.4,2.2,4.3,-3.1,4.3,11.5
DDD,24.5,-15.9,-15.8,28.2,-5.1,-8.1,-3.8,-16.7,-8.4,16.6,60.8
DE,-8.5,-1.3,-11.7,8.5,10.1,5.4,12.4,19.1,1.8,3.1,15.8
DEA,2.0,-1.8,3.7,7.4,-3.4,-8.8,4.9,-1.1,-6.5,-8.4,3.6
DECK,13.1,-9.0,-22.9,20.2,27.4,0.3,7.7,-2.6,4.8,7.5,0.5
DEI,-5.5,-8.0,-20.1,9.7,-0.2,1.1,-5.7,-4.2,-8.6,-8.2,31.2
DFIN,-13.5,-4.0,-39.4,60.4,11.6,0.0,-1.3,26.0,18.8,-4.3,29.0
DFS,-11.4,-12.7,-45.6,36.3,14.8,0.5,2.5,7.4,9.1,10.4,17.2
DG,-1.6,-2.0,0.5,14.5,10.7,-0.5,-0.3,6.0,4.9,-1.3,4.7
DGII,-10.9,-16.2,-27.9,29.9,4.7,3.6,8.4,12.4,12.2,-5.9,16.5
DGX,3.6,-4.2,-24.3,39.8,8.7,-3.8,11.4,-12.5,4.4,8.4,1.5
DHC,-5.7,-18.5,-42.3,5.1,20.5,24.6,-12.6,-2.4,-9.7,-19.8,52.3
DHI,12.2,-10.0,-36.2,44.5,18.8,0.8,22.8,7.9,3.1,-13.8,11.5
DHR,4.8,-10.1,-4.3,27.0,3.6,6.9,15.0,1.3,3.3,6.9,-2.1
DIN,2.1,-4.0,-65.0,98.3,15.8,-12.0,10.9,31.1,-12.9,-7.2,22.4
DIOD,-8.4,-14.8,-7.7,33.2,3.1,4.5,5.3,-5.0,13.4,-1.9,17.5
DIS,-4.4,-14.9,-17.9,13.9,11.2,-6.1,3.5,12.8,-7.1,-1.7,22.1
DISCA,-10.6,-12.2,-24.4,15.2,0.4,-3.9,0.2,4.6,1.6,-5.9,33.0
DISH,3.6,-8.8,-40.4,33.8,31.9,5.8,-7.3,10.6,-16.0,-11.4,40.7
DKS,-10.6,-17.7,-41.6,65.3,32.5,13.2,12.3,18.6,2.3,-6.0,0.3
DLR,2.7,-2.3,15.7,11.2,-1.6,-0.2,8.9,-3.0,-4.4,-2.0,-6.6
DLTR,-7.4,-4.6,-11.5,9.2,26.5,-3.7,0.0,3.1,-2.5,-1.7,20.9
DLX,-3.4,-30.9,-22.1,11.7,-14.4,-0.2,25.0,0.6,-7.9,-16.5,20.1
DNKN,3.4,-14.8,-20.2,22.6,3.0,-0.3,3.8,10.7,7.5,18.0,6.6
DNOW,-10.9,-11.8,-41.6,23.6,25.4,16.0,-6.5,-7.7,-37.4,-8.1,37.1
DOC,2.2,-2.5,-26.1,20.8,18.6,0.6,2.6,0.6,-1.6,-6.0,2.9
DORM,-7.8,-13.1,-8.9,25.8,13.3,-4.1,23.1,3.6,4.8,-4.3,3.5
DOV,-1.2,-9.8,-18.3,17.1,6.3,-1.2,7.7,6.7,-2.8,3.3,10.2
DOW,-15.8,-12.3,-27.6,35.7,13.8,5.6,0.8,9.9,-0.5,-1.3,16.5
DPZ,-4.1,20.5,-4.5,8.4,8.0,-3.7,2.9,5.8,3.7,-11.4,3.8
DRE,4.7,-10.6,-0.3,15.0,3.5,0.5,11.3,-4.1,-4.3,1.3,0.2
DRH,-12.7,-5.7,-44.3,31.2,4.7,-8.0,-15.4,14.7,-4.0,-6.1,52.2
DRI,6.8,-16.3,-44.1,60.3,10.0,-3.2,-0.3,14.2,15.6,-12.4,17.5
DRQ,-12.8,-12.9,-14.4,14.2,2.8,-3.1,12.0,-0.5,-26.5,5.7,9.7
DSPG,-8.1,-5.9,-1.5,33.0,8.5,-7.7,-6.0,-3.4,-9.7,-3.4,27.8
DTE,2.1,-15.8,-15.0,17.8,6.8,-0.8,5.1,2.6,-2.3,8.8,1.9
DUK,7.0,-6.1,-11.8,9.1,3.6,-8.6,3.4,-5.2,11.8,2.3,0.6
DVA,6.5,-2.8,-2.0,8.8,5.8,-1.5,8.4,-0.7,-1.9,4.1,27.4
DVN,-16.4,-25.2,-57.5,83.7,-3.0,-3.1,-5.5,3.6,-13.3,-1.9,56.7
DXC,-15.2,-24.4,-45.9,51.6,-15.4,11.8,11.0,11.6,-10.9,-2.1,18.9
DXCM,10.1,14.6,-2.4,31.5,10.8,7.1,8.8,-2.3,-2.4,-22.8,0.0
DXPE,-12.9,-18.1,-56.8,32.3,24.6,12.5,-10.6,14.0,-17.8,-4.3,34.7
DY,-14.3,-26.9,-13.2,36.1,36.6,-6.8,7.0,43.6,-17.4,24.8,-3.2
EA,0.4,-6.1,-1.2,17.2,8.5,7.6,4.7,-1.5,-5.7,-9.8,6.6
EAT,1.6,-19.5,-65.0,102.6,20.4,-11.9,16.3,67.5,-6.8,1.2,15.1
EBAY,-7.1,3.2,-13.2,38.4,16.0,16.0,4.4,-0.9,-2.9,-9.1,5.9
EBIX,3.1,-23.2,-42.6,59.9,17.4,-5.3,1.4,4.6,-11.7,-17.7,88.3
EBS,2.1,6.5,-1.4,36.1,6.1,-11.4,35.8,2.5,-6.8,-15.0,-8.9
ECHO,-6.4,-4.8,-7.4,11.5,20.9,4.1,17.3,9.0,-7.9,5.6,5.3
ECL,1.6,-8.0,-13.6,31.9,11.9,-4.8,-6.6,5.3,-0.9,-6.8,21.0
ECOL,-6.7,-22.1,-27.7,13.0,4.3,0.4,0.0,7.1,-13.4,-6.3,11.0
ECPG,-4.0,9.5,-37.1,22.1,34.8,6.0,8.6,25.8,-20.3,-18.7,6.9
ED,3.9,-16.1,-1.0,1.5,-2.8,-4.2,5.1,-7.1,11.7,-0.7,-2.9
EFX,7.0,-5.2,-15.9,22.4,11.4,10.9,-6.3,3.5,-7.0,-13.5,22.2
EGBN,-10.1,-14.4,-19.3,21.9,-2.4,0.4,-3.0,-4.3,-7.6,11.0,22.9
EGHT,1.7,-0.6,-25.1,31.8,-8.5,7.0,-3.2,6.2,-11.2,9.5,14.4
EGOV,-11.7,-7.3,25.8,13.9,1.0,-5.7,-4.4,-2.5,-9.1,12.8,4.5
EGP,2.6,-7.6,-16.9,14.6,13.7,3.1,8.8,0.4,-3.5,-0.6,2.4
EGRX,-10.4,-14.7,0.2,17.9,-1.7,-7.7,-5.1,-14.5,11.4,8.0,-2.2
EHC,11.2,-2.8,-14.4,9.2,12.7,-16.4,8.5,-4.2,-0.9,-6.9,31.4
EHTH,9.5,11.6,20.0,-20.2,22.5,-24.7,-32.2,-8.7,24.2,-21.4,13.2
EIG,2.2,-9.6,5.1,-19.0,1.2,0.6,10.2,0.2,-6.5,6.0,-4.7
EIX,1.5,-12.2,-18.5,14.5,4.3,-8.3,0.6,-5.7,-1.9,11.1,9.5
EL,-5.5,-5.9,-13.2,15.0,14.4,-5.9,4.3,12.2,-1.2,0.1,11.7
ELY,1.0,-20.7,-39.8,51.9,16.0,13.8,9.0,9.5,-10.2,-20.8,37.2
EME,-4.8,-6.4,-20.3,12.2,6.6,2.1,5.9,9.5,-10.8,0.1,26.4
EMN,-10.1,-13.7,-24.3,33.0,13.4,1.6,8.6,-2.0,2.0,5.9,20.5
EMR,-6.1,-10.5,-25.7,24.8,13.4,2.7,1.3,12.0,-6.5,0.2,18.6
ENDP,20.9,-2.6,-33.0,49.8,-12.9,-10.2,-0.9,-13.5,13.8,37.2,11.2
ENPH,20.6,55.4,-34.1,57.3,34.5,-20.3,23.0,27.9,4.9,9.6,39.2
ENR,-7.9,-7.1,-29.6,36.7,15.7,7.2,7.1,-7.7,-16.1,-2.2,6.5
ENS,-3.8,-14.4,-19.6,32.5,13.5,-1.3,7.8,7.0,-9.3,5.2,14.3
ENSG,-0.4,-1.5,-15.5,28.0,19.9,-2.9,8.2,27.3,-2.8,3.8,22.1
ENTA,-16.6,-1.3,1.1,-7.9,8.4,-0.9,-10.5,13.8,-8.1,-5.9,-5.6
ENVA,4.2,-23.3,-24.6,30.5,3.8,8.2,11.7,6.2,-7.9,-9.0,36.2
EOG,-13.0,-13.2,-43.2,37.3,14.4,-2.2,-6.0,-3.2,-20.5,-1.8,36.9
EPAC,-11.2,-7.5,-22.6,11.2,10.7,-0.7,9.9,10.1,-11.4,-2.9,25.6
EPAY,0.0,-17.4,-17.2,21.7,27.1,-4.9,-3.5,-1.3,-13.9,-7.7,14.9
EPC,-16.6,17.6,-20.7,18.6,13.2,3.8,-1.1,-3.9,-8.5,-7.1,32.5
EPR,1.0,-17.0,-59.1,46.6,14.6,-3.2,-15.0,12.9,-14.0,-14.5,51.1
EPRT,11.3,-17.0,-43.0,35.6,2.7,0.2,3.1,5.4,3.6,-14.1,24.3
EQIX,1.0,-2.9,9.0,13.4,4.0,-1.1,7.9,0.5,-3.8,-4.8,-4.6
EQR,2.7,-9.6,-17.8,12.8,-2.8,-3.7,-11.8,5.3,-9.6,-12.1,23.3
EQT,-44.5,-3.0,20.4,99.9,-7.2,-7.5,26.9,9.3,-17.1,19.4,-1.7
ES,8.7,-6.5,-9.5,6.2,4.8,-2.7,5.8,-4.8,-0.1,2.1,0.3
ESE,3.7,-5.3,-16.5,10.3,12.0,0.7,5.6,4.6,-11.6,2.4,18.2
ESNT,-4.6,-12.0,-39.6,13.0,27.1,5.6,4.1,-0.4,1.9,5.4,10.1
ESS,3.0,-8.5,-22.3,21.9,2.5,-7.2,-7.8,-1.9,-6.7,-1.1,20.2
ETH,-15.3,-18.3,-22.6,19.6,-2.6,5.5,2.9,20.3,-8.4,16.6,13.8
ETN,-0.3,-4.0,-14.4,14.2,3.4,3.3,6.9,9.6,-1.4,3.2,16.7
ETR,9.8,-11.1,-19.6,11.6,8.8,-8.6,8.7,-5.7,0.9,-0.1,7.5
ETRN,-27.6,-27.0,-28.8,70.0,-1.9,3.4,15.7,6.5,-15.8,-10.6,12.4
ETSY,10.2,18.4,-33.5,83.0,25.7,35.2,6.4,1.1,-2.7,-7.7,32.2
EV,-2.0,-9.8,-21.8,21.1,5.4,3.6,-4.6,13.5,-8.1,55.3,12.0
EVR,2.5,-13.1,-30.9,13.1,10.4,5.4,-1.4,11.9,4.2,20.2,14.3
EVRG,10.9,-9.4,-15.8,12.9,10.3,-5.8,6.3,-17.9,-3.5,8.6,0.4
EVTC,-1.4,-11.6,-23.4,16.1,15.5,-4.3,11.3,12.8,-0.4,-5.1,11.7
EW,-5.8,-6.8,-7.9,26.0,7.4,-6.9,13.6,9.5,-7.1,-9.2,17.0
EWBC,-5.9,-15.5,-33.6,43.9,3.2,1.4,-0.3,6.1,-10.2,11.2,17.1
EXC,4.4,-9.4,-14.6,10.8,7.0,-6.6,3.3,-4.4,-1.6,11.3,3.0
EXEL,-2.4,8.1,-7.4,50.0,2.5,-1.6,-1.7,-3.8,13.3,-16.5,-6.4
EXLS,5.3,2.1,-30.3,27.9,-0.4,2.6,2.7,-0.6,3.9,15.0,9.9
EXP,0.6,-13.4,-26.0,12.6,13.8,4.7,17.5,1.9,3.6,-2.0,6.7
EXPD,-6.4,-3.6,-5.3,9.4,7.0,0.6,10.9,4.6,0.9,-1.0,1.1
EXPE,0.3,-9.1,-42.9,36.5,18.1,-0.3,-4.1,21.2,-7.6,2.3,32.2
EXPO,5.4,1.2,-2.4,1.8,10.8,8.0,3.8,-4.3,-12.1,-3.3,19.3
EXR,4.8,-9.3,-4.6,-6.1,11.0,-6.5,6.6,3.1,0.1,6.1,-2.8
EXTN,-31.0,-5.6,-5.9,57.4,3.5,-20.1,-6.9,-7.4,-12.4,-4.5,0.2
EXTR,-19.9,-14.7,-38.6,23.6,3.1,21.6,10.0,-4.0,-10.1,1.4,38.4
EZPW,-8.8,-22.8,-13.1,40.7,-0.4,20.7,-4.1,-5.9,-7.7,-11.0,14.1
F,-5.2,-21.1,-30.6,15.7,16.1,3.6,10.5,3.2,-2.5,14.5,17.5
FAF,6.3,-7.9,-25.7,12.5,12.6,-8.3,8.3,3.1,-3.7,-12.9,8.6
FANG,-19.9,-16.7,-57.7,73.7,5.7,-4.4,0.7,-2.3,-21.7,-10.8,53.9
FARO,2.6,10.8,-22.3,31.3,7.0,-6.6,14.5,-5.6,4.2,-2.8,9.8
FAST,-5.6,-1.9,-8.7,18.3,15.6,5.4,9.4,3.9,-8.9,-3.4,14.4
FB,-1.6,-4.7,-13.3,28.3,11.3,-2.1,6.8,15.6,-11.4,-1.3,5.3
FBC,-7.9,-9.5,-37.8,44.2,12.4,3.0,11.1,0.1,-5.8,-2.3,19.4
FBHS,5.2,-10.1,-30.0,22.4,18.4,4.2,22.6,9.9,0.9,-7.8,3.3
FBK,-10.0,-8.6,-39.5,21.4,7.4,6.6,6.0,6.3,-9.1,15.1,8.2
FBM,-7.9,-12.5,-34.0,23.3,20.2,16.1,-7.7,18.2,-5.5,-9.1,32.1
FBNC,-11.1,-9.5,-28.1,22.7,0.6,0.8,-10.6,-1.0,2.1,14.2,30.3
FBP,-12.5,-14.3,-33.0,24.0,2.4,2.0,1.9,5.3,-10.3,21.5,22.3
FCF,-6.8,-12.7,-22.5,7.8,-7.0,3.1,2.5,4.2,-5.3,10.2,12.2
FCFS,7.9,-11.6,-6.7,5.7,1.6,-2.2,-12.3,3.7,-1.7,-12.1,23.4
FCN,8.5,-6.2,6.4,6.2,-3.6,-4.2,3.5,-3.9,-8.1,-7.9,6.7
FCPT,7.4,-5.3,-34.8,38.9,0.4,9.9,3.7,0.2,0.5,-3.5,10.5
FCX,-15.4,-10.3,-32.2,39.9,7.2,23.9,12.4,20.8,-3.3,11.5,34.9
FDP,-10.3,-12.6,0.7,5.9,-6.7,3.2,-3.5,2.7,-1.1,-4.6,17.9
FDS,6.6,-7.0,-2.0,7.6,14.1,7.2,3.7,1.2,-4.6,-6.6,8.9
FDX,-4.3,-2.4,-14.1,11.7,10.5,8.1,7.5,30.5,11.6,2.1,10.4
FE,4.5,-12.3,-10.0,6.2,3.5,-9.3,-27.3,-1.4,1.6,3.3,-10.6
FELE,0.6,-10.4,-8.8,20.3,3.8,3.2,5.5,9.8,-1.9,1.4,13.2
FF,-11.5,-7.2,10.8,-13.8,25.9,-10.9,15.9,-8.2,-7.6,6.1,0.8
FFBC,-5.5,-14.3,-27.6,11.0,-10.5,3.4,7.0,-1.4,-12.8,18.5,12.2
FFIN,-4.5,-14.3,-6.6,10.1,11.2,-5.2,6.4,1.2,-8.8,6.1,12.1
FFIV,-12.6,-1.8,-11.1,34.3,7.1,-4.3,-1.0,-2.6,-6.4,8.0,22.5
FHB,0.7,-17.6,-31.0,17.0,1.1,0.2,4.0,-4.9,-11.2,19.7,27.0
FHI,11.2,-20.4,-34.0,28.0,3.5,3.7,14.7,-9.3,-10.9,12.3,12.3
FHN,-3.4,-16.7,-39.5,22.2,7.6,5.0,-1.4,3.0,-1.0,8.6,17.4
FICO,7.4,-6.5,-18.2,22.2,19.6,2.5,3.7,-4.2,-4.3,-10.4,20.8
FIS,3.3,-2.7,-12.9,15.1,7.4,-3.4,6.9,3.1,-3.4,-15.2,19.1
FISV,2.6,-7.8,-13.1,17.1,6.5,-10.3,1.3,-0.2,3.7,-8.4,20.6
FITB,-7.4,-14.2,-39.1,38.9,9.1,-2.7,7.7,4.0,2.3,10.4,9.1
FIVE,-11.5,-14.4,-27.4,41.1,19.9,4.1,3.4,0.5,11.0,3.3,17.3
FIX,-6.9,-9.0,-13.4,-4.2,13.5,7.1,25.2,1.9,-1.8,-11.9,10.0
FIZZ,-15.9,-1.4,0.9,21.8,13.8,4.9,1.2,26.8,-18.3,9.8,25.2
FL,-2.6,-4.5,-39.2,27.2,16.2,-0.1,1.8,3.2,7.4,8.1,1.4
FLGT,3.7,10.9,-27.5,74.2,9.1,-11.1,65.8,12.2,38.5,-19.9,38.1
FLIR,-1.0,-17.6,-24.9,41.5,7.8,-11.6,2.0,-11.4,-1.4,-2.1,10.2
FLO,-1.0,0.0,-4.7,7.4,6.2,-5.0,2.2,7.5,0.7,-3.4,-5.9
FLOW,-10.5,-15.9,-22.7,23.2,12.8,7.0,12.1,8.5,-3.3,0.0,26.5
FLR,-5.2,-47.9,-25.9,96.0,13.8,-1.0,-11.2,-6.6,-5.1,24.0,52.2
FLS,-6.2,-13.9,-40.6,21.7,-1.7,5.5,0.9,6.5,-8.7,9.2,17.0
FLT,9.6,-15.7,-29.8,39.3,4.7,2.1,1.5,-2.8,-4.8,-6.9,20.1
FMBI,-13.5,-9.0,-27.1,15.0,-3.3,2.1,-5.4,2.7,-12.3,16.0,11.5
FMC,-4.2,-2.6,-12.3,19.4,9.4,0.7,6.7,0.8,-3.8,-0.4,12.9
FN,-2.8,-12.6,-1.0,16.4,7.2,-5.2,18.6,-3.9,-7.3,-4.7,13.8
FNB,-8.1,-13.5,-27.0,18.3,-4.0,-0.9,4.5,1.2,-9.4,12.7,16.8
FOE,-7.8,-15.1,-19.4,21.7,34.2,-0.7,2.6,6.7,-5.9,3.5,11.3
FORM,-2.5,-11.6,-10.2,22.9,11.8,16.1,-1.6,-9.4,-7.0,9.5,44.6
FORR,-0.8,-12.8,-18.9,21.8,-7.3,7.1,11.7,1.0,-8.0,10.8,12.1
FOSL,-14.6,-31.8,-28.3,27.3,-19.3,49.0,-23.6,94.4,-12.4,-1.0,85.6
FOXA,0.0,-17.1,-23.1,15.8,14.7,-9.2,-4.3,8.1,1.4,-5.4,8.7
FOXF,-5.4,-3.7,-33.8,36.1,44.2,13.0,9.1,13.3,-25.7,10.0,3.8
FR,2.9,-9.8,-13.7,23.8,4.5,0.9,9.6,-2.9,-6.5,-2.2,5.2
FRC,-5.6,-9.3,-18.2,27.7,7.5,-2.6,7.1,0.4,-3.8,14.3,2.7
FRGI,0.4,-2.7,-58.3,89.5,23.0,-21.0,3.2,54.6,-9.4,-6.1,36.0
FRT,-2.9,-6.9,-35.9,20.0,1.9,0.4,-12.8,3.9,-7.7,-9.6,26.8
FSLR,-11.4,-7.7,-21.2,31.6,11.1,3.1,21.3,28.6,-15.6,26.9,7.3
FSP,-11.2,-6.2,-19.6,7.1,1.5,1.4,2.5,-15.6,-18.1,11.4,10.5
FSS,-0.3,-9.8,-5.9,6.5,11.7,2.0,5.3,3.9,-10.3,-1.9,8.2
FTI,-23.0,-10.1,-54.6,35.8,-10.5,-12.9,16.2,-4.1,-17.9,-11.8,50.3
FTNT,8.1,-11.5,-0.9,7.2,33.4,-5.2,-0.7,-4.6,-9.7,-8.2,11.7
FTV,-1.9,-7.7,-20.2,16.4,0.4,8.8,4.0,2.7,3.6,-2.2,13.8
FUL,-10.4,-15.1,-28.8,41.9,5.8,16.8,3.4,6.2,-6.5,1.0,15.6
FULT,-5.5,-12.3,-20.5,7.3,0.3,-3.5,-2.9,0.8,-5.2,18.2,12.1
FWRD,-6.4,-9.8,-14.2,10.4,2.4,0.8,6.8,13.5,-4.1,7.5,16.0
GATX,-8.1,-6.0,-12.5,1.8,9.0,-1.5,5.1,9.7,-6.3,6.6,16.8
GBCI,-7.9,-12.0,-8.8,15.7,9.2,-14.6,3.9,-0.6,-9.3,11.2,13.9
GBX,-25.7,0.6,-26.8,2.5,30.4,6.3,15.7,5.7,5.8,-10.8,23.7
GCI,-4.2,-31.3,-64.8,-5.0,19.1,0.7,11.3,16.9,-27.0,-15.4,147.0
GCO,-17.9,-12.5,-61.2,63.0,2.7,13.3,-23.4,25.4,2.8,-18.9,77.0
GCP,-2.2,-12.4,-8.6,8.6,18.2,-8.2,24.9,14.2,-20.9,4.1,7.7
GD,-0.5,-9.0,-17.1,2.5,14.9,1.5,-0.3,1.8,-7.8,-5.0,13.7
GDOT,29.1,13.6,-25.7,34.7,33.3,28.4,0.6,2.7,-8.0,1.9,0.5
GE,11.6,-12.6,-27.0,-3.4,1.1,1.0,-9.9,4.4,0.6,18.9,37.2
GEF,-8.6,-12.6,-12.0,19.0,2.1,0.9,4.1,5.9,-3.3,13.0,19.8
GEO,-4.9,-7.3,-16.9,8.7,1.9,-6.6,-10.1,5.0,2.3,-23.4,6.7
GEOS,-20.0,-8.1,-48.1,3.0,23.3,-4.7,10.4,-13.2,-7.5,-15.6,21.1
GES,-4.9,-23.9,-58.2,49.6,18.0,-1.2,6.6,11.2,-3.2,-3.0,42.5
GFF,2.3,-16.3,-27.3,36.8,9.4,8.4,28.9,-5.0,-12.1,8.6,-2.8
GGG,2.2,-7.2,-1.2,-1.9,7.7,-0.9,12.3,9.0,4.4,0.6,9.4
GHC,-14.0,-8.4,-32.2,19.2,-2.3,-4.4,18.2,7.4,-7.2,-5.5,17.5
GHL,-8.3,-6.6,-32.7,10.2,12.0,4.1,25.7,-6.3,1.3,17.9,0.7
GIII,-18.8,-17.8,-65.6,77.0,2.8,17.9,-22.1,11.8,13.5,-3.2,51.1
GILD,-2.7,9.7,7.8,15.8,-2.7,2.4,-8.6,-4.0,-4.0,-8.2,4.3
GIS,-2.5,-6.2,7.7,12.7,5.8,-3.0,4.7,1.1,-2.3,-5.5,2.9
GKOS,3.3,-21.8,-29.8,27.5,8.8,-4.9,12.7,9.5,10.0,12.2,20.7
GL,-0.9,-11.1,-22.3,24.7,-3.7,-6.3,9.3,3.6,-2.6,0.7,14.8
GLT,-8.7,-14.6,-14.3,28.7,7.3,3.3,4.0,-5.9,-10.6,2.7,12.7
GLUU,-2.5,20.7,-11.7,28.9,26.3,-9.8,-5.4,-15.9,-5.4,-8.1,41.2
GLW,-8.3,-10.6,-13.9,15.2,10.3,13.9,20.8,4.7,-1.3,-1.7,17.0
GM,-8.8,-8.7,-31.9,15.7,23.8,-6.1,-0.3,19.0,-0.7,13.7,27.0
GME,-36.8,-6.3,-2.8,76.3,-32.9,5.1,-9.7,66.6,33.3,7.2,58.2
GMED,-11.2,-13.5,-6.0,18.9,19.7,-12.7,-1.0,17.3,-12.9,6.2,15.3
GMS,-1.3,-14.5,-31.2,26.7,14.8,20.4,-0.8,13.1,-13.0,-8.2,38.2
GNL,2.2,-11.0,-27.5,23.1,2.0,16.9,-0.7,5.1,-9.0,-13.5,17.3
GNRC,3.0,-0.6,-9.5,17.4,19.3,10.3,30.1,20.6,0.2,7.1,2.6
GNTX,2.7,-10.3,-17.0,16.8,10.7,-3.2,5.7,0.2,-5.5,6.3,17.8
GNW,-6.8,-4.9,-14.9,19.0,-10.0,-27.4,-8.1,48.0,1.8,24.4,15.5
GO,0.9,-3.3,8.5,-3.3,10.9,13.2,6.3,-6.5,-6.9,9.3,-12.3
GOOGL,7.0,-6.5,-13.2,22.2,8.8,-1.2,3.2,9.5,-11.4,8.6,8.6
GPC,-11.9,-6.8,-22.8,26.4,10.9,2.6,4.9,4.8,-0.5,-4.8,8.8
GPI,0.8,-15.4,-48.1,38.0,16.8,5.7,32.0,2.9,-3.2,14.4,12.0
GPMT,-0.5,-10.2,-69.1,38.7,6.3,38.9,-1.5,-2.2,6.8,-7.3,37.4
GPN,7.1,-5.9,-21.6,24.7,11.0,-6.6,3.8,-0.8,-1.2,-12.0,23.7
GPRE,-19.2,-3.8,-59.5,42.1,51.3,11.3,25.9,3.5,13.5,-1.4,-2.1
GPS,-1.5,-17.7,-50.9,37.9,13.7,27.6,7.2,30.1,-4.2,8.8,7.8
GRMN,-0.6,-8.8,-15.2,13.7,13.0,7.7,1.5,5.1,-8.8,9.9,12.2
GRUB,11.3,-11.2,-15.3,20.7,24.7,19.7,4.5,0.2,-0.2,1.0,-4.9
GS,3.4,-15.6,-23.0,26.2,10.9,-1.2,0.2,3.5,-2.2,-4.8,22.0
GT,-15.6,-26.2,-39.9,26.0,14.8,12.7,5.0,6.5,-20.7,-0.5,25.8
GTLS,-5.2,-11.0,-49.1,35.3,17.7,17.9,46.2,-4.1,3.2,17.3,22.4
GTY,-4.1,-10.1,-16.2,24.3,0.6,9.2,-1.9,-1.1,-11.2,-0.7,8.0
GVA,-2.0,-25.1,-25.3,6.7,13.8,7.4,-5.5,9.6,-7.6,9.0,27.5
GWB,-14.9,-9.1,-23.8,0.4,-17.0,-3.3,0.5,7.2,-10.0,2.8,26.5
GWW,-10.6,-8.3,-10.5,16.5,15.7,2.7,10.9,7.0,-2.9,-2.2,19.5
HA,-4.8,-25.1,-50.0,46.3,11.3,-6.3,-13.7,13.0,-3.4,5.9,46.3
HAE,-6.5,0.9,-8.0,24.2,-1.4,-18.5,-2.3,2.3,-1.8,13.9,11.6
HAFC,-15.9,-7.3,-30.4,18.7,-12.7,7.5,1.7,3.3,-14.0,10.7,8.5
HAIN,-6.7,-2.0,9.4,-0.8,22.8,0.3,9.3,-3.5,2.4,-12.6,25.2
HAL,-10.9,-22.2,-59.6,59.1,20.4,7.8,14.9,12.9,-25.8,8.0,37.6
HALO,7.1,3.1,-8.1,38.8,4.7,10.8,-0.8,6.6,-8.7,5.5,39.6
HAS,-3.5,-24.2,-7.4,3.0,7.0,3.2,-2.6,8.5,1.0,-0.3,12.5
HAYN,-25.1,-5.6,-18.6,10.5,1.5,0.6,-19.2,2.1,-9.3,-6.5,30.7
HBAN,-10.0,-9.6,-33.1,24.0,3.7,-0.7,7.4,1.5,-2.9,14.1,15.7
HBI,-7.3,-3.8,-40.6,34.5,2.9,9.7,27.8,8.2,1.4,0.8,-11.6
HCA,-6.1,-8.5,-29.3,31.2,1.9,-10.8,29.1,7.2,-7.1,-0.5,21.1
HCC,-10.7,-6.0,-40.1,13.8,23.6,7.3,9.6,-2.8,7.5,-13.6,16.1
HCI,-3.0,-4.0,-5.3,6.1,6.8,0.6,-1.1,22.6,-11.0,-4.5,11.0
HCSG,5.3,7.6,-13.2,12.6,-7.0,1.7,6.9,-20.6,4.0,5.3,3.5
HD,4.5,-4.5,-14.3,23.1,13.7,1.3,7.0,7.4,-2.9,-3.9,4.0
HE,4.4,-12.4,0.5,-2.2,3.6,-7.5,0.3,-4.6,-2.2,-0.6,8.4
HELE,5.2,-12.9,-12.5,28.4,8.9,4.3,0.7,9.9,-7.0,-5.1,6.5
HES,-15.3,-0.7,-40.7,52.1,7.2,6.4,-1.3,-6.4,-10.9,-4.5,26.8
HFC,-11.4,-25.0,-27.2,52.0,3.7,-6.2,-0.8,-13.2,-17.7,-2.3,26.4
HFWA,-8.9,-10.0,-13.8,3.7,-2.3,6.8,-1.2,5.4,-9.0,14.7,11.0
HI,-12.8,-19.4,-18.3,26.2,28.8,3.1,10.8,8.5,-12.3,2.2,28.1
HIBB,-11.6,-21.2,-44.0,52.5,30.7,10.1,11.6,43.9,14.8,-9.0,8.9
HIG,-2.5,-15.7,-29.4,13.5,7.3,-0.8,12.3,-4.4,-10.2,4.8,14.7
HII,4.0,-21.3,-11.3,10.6,7.7,-10.8,0.0,-12.8,-6.4,5.4,8.6
HIW,2.5,-10.4,-21.1,18.8,4.3,-4.9,2.7,-2.8,-8.5,-13.5,28.7
HLIT,-9.8,-12.7,-6.2,5.6,-5.8,-9.5,17.5,5.7,-5.9,8.5,9.9
HLT,-2.8,-9.8,-29.8,20.1,10.1,-10.3,0.8,20.4,-7.0,0.7,18.0
HLX,-13.4,-19.5,-75.6,103.2,54.1,-1.4,17.0,-14.6,-33.2,5.5,51.6
HMN,-1.5,-9.5,-6.0,4.1,7.2,1.7,5.2,3.9,-14.0,1.3,17.7
HMST,-5.6,-15.6,-17.9,22.1,-2.5,3.7,11.8,3.5,-7.2,18.5,4.1
HMSY,-7.7,-15.9,10.0,16.5,9.6,2.0,-0.2,-14.2,-15.8,11.3,18.0
HNGR,-11.5,-5.6,-32.5,41.3,6.0,-6.9,8.2,13.2,-17.7,8.9,29.9
HNI,-4.0,-8.7,-23.3,5.4,9.7,20.8,2.5,7.2,-2.9,0.8,12.0
HOG,-10.2,-8.8,-37.9,26.3,4.7,4.6,12.4,6.5,-12.5,30.7,22.5
HOLX,2.5,-12.0,-25.5,53.2,7.3,7.0,22.5,-14.4,12.2,3.7,0.5
HOMB,-2.7,-12.3,-28.5,34.4,-0.5,3.7,8.0,-0.7,-7.7,7.4,11.5
HON,-2.1,-6.4,-17.5,9.4,6.3,-1.1,3.6,10.8,-2.0,0.8,23.6
HOPE,-6.4,-12.2,-32.7,28.2,1.6,-1.5,-3.8,0.4,-10.4,7.0,17.5
HP,-10.7,-9.0,-57.6,38.8,19.8,-3.7,-3.8,-7.6,-12.5,10.3,53.1
HPE,-12.2,-8.2,-24.1,5.0,2.4,-0.3,4.8,-2.0,-1.1,-6.4,27.8
HPP,-3.5,-11.2,-21.4,4.4,3.0,1.8,-6.8,-0.4,-5.8,-13.6,35.0
HPQ,3.7,-2.5,-16.5,4.5,2.9,15.2,3.4,11.2,-1.4,-5.5,22.1
HQY,-10.8,7.5,-28.7,28.1,20.6,-5.6,-13.3,11.5,-13.4,-0.7,39.2
HR,8.1,-4.9,-18.6,11.5,9.8,-5.3,-1.8,-1.5,4.7,-8.9,6.1
HRB,-1.2,-10.9,-31.9,28.3,5.9,-17.8,3.6,0.0,11.3,3.6,8.9
HRC,-6.2,-9.8,4.7,8.0,-0.6,7.2,-12.0,-3.5,-9.7,10.9,4.2
HRL,4.8,-12.0,12.1,1.1,4.8,-1.2,7.2,0.2,-3.6,-1.2,-3.1
HSC,-35.2,-19.5,-41.9,60.7,29.9,18.2,24.2,-11.3,-4.1,-8.1,31.4
HSIC,3.3,-11.6,-17.1,12.3,16.4,-4.5,16.8,-3.3,-9.8,9.8,1.1
HSII,-12.6,-21.5,0.9,0.8,0.8,-3.8,-3.8,6.9,-7.8,16.9,14.2
HSKA,4.4,-4.7,-42.1,35.7,27.3,9.5,3.7,7.7,-1.7,19.0,6.5
HST,-11.9,-11.4,-23.8,19.7,4.4,-11.9,-1.0,4.2,-4.3,-5.9,33.9
HSTM,-6.1,-4.8,-1.5,-0.2,1.9,-1.3,-0.2,-5.6,-2.7,-8.8,2.1
HSY,5.6,-7.2,-8.0,0.6,2.4,-5.0,11.8,2.2,-3.4,-4.5,7.6
HT,-10.9,-11.1,-69.0,69.3,-1.4,10.6,-17.2,35.1,-13.3,-13.4,65.3
HTLD,-11.2,-4.2,3.7,11.9,10.1,-3.5,-1.3,2.0,-10.4,-2.3,0.9
HUBB,-3.1,-7.0,-13.9,12.9,0.3,0.3,9.8,7.4,-6.5,6.9,11.1
HUBG,3.1,-12.6,-1.6,8.7,10.1,4.2,11.6,1.8,-6.6,0.2,9.0
HUM,-8.3,-4.9,-1.8,27.8,10.3,-3.4,0.2,5.8,-0.2,-3.9,0.3
HVT,-0.1,-16.4,-29.3,27.2,33.3,-3.8,-8.6,48.5,-3.4,17.5,8.8
HWC,-9.4,-15.7,-41.7,18.7,9.4,-4.8,-2.5,5.0,-5.5,19.8,22.8
HWKN,-8.8,-14.4,-0.4,14.5,21.2,0.3,22.7,-2.5,-7.0,1.6,7.4
HWM,-2.7,-2.0,-45.3,-1.0,4.3,18.2,-3.3,18.5,-4.7,0.1,36.0
HXL,1.2,-12.9,-42.5,2.9,13.8,22.9,-14.8,5.6,-14.3,-5.2,47.9
HZO,19.4,-15.1,-38.5,59.8,39.0,16.7,22.3,6.0,-15.3,13.3,9.5
IAA,0.4,-9.6,-29.9,39.9,10.5,-9.4,13.0,20.7,-1.9,8.1,5.9
IART,-5.6,-5.3,-14.3,19.6,2.6,-10.7,-1.8,0.1,3.4,-6.7,24.1
IBKR,0.8,8.7,-15.5,-5.2,3.2,-2.2,17.4,6.9,-9.3,-2.1,10.9
IBM,7.2,-9.4,-14.8,19.4,2.5,-3.3,3.7,0.3,-1.4,-7.8,10.6
IBOC,-8.5,-13.5,-21.2,15.4,9.5,3.8,0.1,3.8,-15.9,6.3,17.1
IBP,7.6,-10.9,-39.6,46.0,37.8,1.4,17.8,9.7,8.4,-15.3,9.1
IBTX,-3.5,-13.5,-48.8,39.2,26.5,9.0,12.6,5.9,-6.0,16.5,8.8
ICE,7.8,-10.5,-9.5,12.8,9.7,-6.2,3.7,9.8,-6.1,-6.9,11.8
ICHR,0.4,-13.4,-33.7,41.8,-0.3,16.4,25.0,-23.3,-17.0,2.9,37.1
ICUI,-2.5,7.3,3.0,8.3,-8.4,-8.9,0.6,9.0,-7.7,-1.4,6.1
IDA,5.0,-13.9,-9.2,7.3,5.4,-6.6,4.1,-3.6,-9.5,7.2,3.2
IDCC,1.4,-4.3,-15.6,37.5,-0.8,2.0,8.3,1.9,-7.6,-2.4,7.0
IDXX,3.8,-6.1,-4.8,20.4,14.1,5.8,18.9,-1.7,-1.4,7.6,8.5
IEX,-4.7,-9.7,-6.7,15.3,5.3,-0.1,5.8,9.3,0.2,-4.3,13.4
IFF,1.6,-8.6,-14.8,30.1,5.2,-6.5,1.4,-1.7,-1.8,-14.5,9.2
IIIN,4.1,-11.1,-33.4,36.5,1.7,7.9,-0.4,-1.1,-2.0,15.6,6.3
IIPR,18.0,2.7,-17.4,13.6,8.8,0.8,11.2,18.1,-0.8,-6.8,31.7
IIVI,-0.1,-11.8,-4.0,31.6,46.2,-0.1,16.6,-12.3,-5.9,9.5,48.8
ILMN,-12.6,-8.4,2.8,24.4,18.7,1.4,3.7,-6.5,-11.1,-5.5,10.0
ILPT,2.1,-9.7,-15.1,17.5,7.0,8.8,2.1,2.2,0.5,-14.0,13.3
INCY,-16.3,3.2,-2.9,31.7,4.7,2.2,-3.8,-2.4,-3.5,-6.3,-2.4
INDB,-13.3,-6.5,-4.7,13.9,-1.2,-3.5,0.5,-2.6,-16.5,9.9,18.1
INFO,4.7,-9.7,-15.8,15.4,6.4,8.0,6.4,-1.0,-3.3,2.9,23.0
INGN,-35.2,3.4,12.8,2.1,-26.3,-7.9,-14.4,-1.5,0.2,1.5,20.1
INGR,-5.3,-5.3,-9.4,7.5,5.5,-1.5,6.6,-7.0,-5.4,-5.2,8.8
INN,-10.1,-16.4,-54.5,52.3,10.0,-8.8,-10.8,13.7,-11.9,-1.3,64.6
INT,-9.9,-27.7,-11.0,11.9,8.4,1.7,-2.8,12.2,-22.2,-1.0,35.0
INTC,6.8,-13.2,-2.5,15.6,9.5,-3.3,-18.8,6.7,1.9,-15.2,9.2
INTU,7.0,-5.2,-13.5,23.7,11.2,2.2,1.3,12.7,-6.0,-5.3,11.9
INVA,-2.5,-2.4,-12.7,23.4,3.9,0.8,-2.8,-13.5,-6.5,5.3,-3.3
IOSP,-2.6,-14.1,-19.7,12.9,8.2,-0.3,-2.2,-0.6,-17.3,5.0,24.4
IP,-11.6,-9.2,-15.8,13.6,0.4,1.4,-0.1,4.3,8.0,9.5,13.1
IPAR,-5.0,-13.1,-22.8,10.8,9.1,4.8,-13.3,9.2,-17.1,9.1,32.3
IPG,-1.7,-5.9,-24.2,16.8,4.1,-1.8,5.8,-1.6,-6.0,7.9,23.2
IPGP,-11.9,0.0,-13.6,22.2,30.2,0.4,14.9,-9.7,5.7,7.5,11.3
IQV,0.5,-10.2,-22.7,42.5,9.5,-5.0,11.9,3.4,-4.5,-2.7,9.7
IR,-3.7,-7.1,-24.4,22.2,0.2,-2.2,12.7,11.0,-1.7,-1.8,26.7
IRBT,-7.1,2.0,-14.8,54.8,24.1,11.9,-14.3,1.8,-1.5,0.3,-1.4
IRDM,3.7,5.9,-17.5,6.5,4.1,5.3,6.7,2.3,-12.2,0.5,21.5
IRET,1.7,-4.4,-21.9,27.1,18.7,0.4,0.3,-1.7,-8.3,0.4,3.0
IRM,-0.8,-3.8,-21.7,8.8,9.2,-1.2,7.4,6.7,-10.5,-3.5,5.5
IRT,4.2,-9.6,-32.6,25.1,0.3,14.1,-0.5,1.8,-1.7,2.4,6.0
ISRG,-5.3,-4.6,-7.3,11.5,16.3,-0.8,19.1,6.6,-4.3,-6.1,8.8
IT,4.3,-19.5,-23.0,27.4,5.9,-0.7,3.8,4.2,-3.9,-4.5,26.6
ITGR,6.2,5.6,-30.3,39.0,10.0,-7.3,-8.1,5.3,-14.4,0.5,23.3
ITRI,-2.6,-7.2,-26.4,35.8,-6.2,0.4,6.4,-14.4,1.6,7.3,15.7
ITT,-9.2,-10.3,-24.6,19.9,14.6,2.3,1.2,8.8,-7.5,3.4,20.0
ITW,-2.6,-4.1,-15.3,18.4,8.2,2.1,7.3,6.8,-3.9,2.6,7.8
IVC,-14.7,-1.4,-2.0,15.2,-13.7,-5.1,8.8,-3.7,11.6,3.0,5.2
IVR,5.0,-8.1,-78.8,8.2,-2.8,29.9,-17.7,-2.3,-7.5,-2.5,23.0
IVZ,-3.8,-16.8,-36.9,7.6,-0.3,30.9,-2.1,1.6,12.1,16.5,23.8
J,3.0,-0.2,-14.2,4.5,4.0,-0.3,1.7,5.8,1.5,3.9,13.5
JACK,4.8,-15.8,-49.1,89.1,12.4,9.5,9.6,0.3,-7.2,-0.8,14.9
JAZZ,-4.0,-20.1,-13.0,15.2,8.9,-7.6,-1.2,24.1,5.3,0.0,-2.4
JBGS,1.7,-9.5,-13.2,15.8,-9.9,-2.3,-2.4,-4.6,-2.4,-14.5,31.6
JBHT,-7.6,-10.6,-4.4,11.7,18.6,4.1,10.0,8.6,-10.3,-2.8,11.1
JBL,-5.9,-17.6,-23.3,24.4,12.6,3.6,12.3,-2.0,-0.4,-4.3,15.3
JBLU,5.9,-20.4,-43.3,20.1,11.6,6.9,-3.1,11.4,-1.0,4.5,26.1
JBSS,-7.6,-16.7,27.4,1.3,4.7,0.2,4.6,-9.7,-4.5,-3.7,2.0
JBT,0.3,-14.3,-23.3,16.7,14.2,1.8,15.2,9.3,-13.1,-6.1,31.7
JCI,-3.1,-7.3,-26.3,15.7,12.7,7.5,13.5,5.8,-0.8,3.8,9.1
JCOM,2.3,-8.9,-14.3,18.5,2.7,-20.4,-11.5,23.4,-1.8,-3.3,32.0
JEF,1.3,-8.9,-30.6,10.8,11.8,4.2,7.1,8.3,0.1,8.1,16.5
JHG,3.4,-16.1,-27.7,25.6,22.9,-4.4,2.8,-0.8,5.8,12.5,17.4
JJSF,-10.0,-3.0,-24.8,13.0,4.2,-3.0,-1.0,10.4,-3.7,2.8,7.2
JKHY,2.7,1.5,2.3,11.2,14.1,1.8,-3.0,-7.2,-1.1,-9.3,8.5
JLL,-2.5,-13.0,-31.7,11.9,1.3,1.0,-3.7,4.2,-6.7,17.0,17.2
JNJ,2.1,-9.7,-2.5,16.5,0.3,-4.5,3.8,5.2,-1.7,-6.9,5.5
JNPR,-6.9,-7.5,-9.8,12.4,11.2,-5.8,12.5,-1.5,-12.5,-7.6,10.4
JOE,6.0,-6.4,-14.7,12.0,9.1,2.2,7.7,12.6,-8.3,29.6,22.1
JPM,-5.1,-12.3,-22.5,13.5,4.4,-4.6,3.6,3.7,-3.9,1.1,20.2
JRVR,4.2,-5.9,-10.3,2.5,12.8,20.2,4.3,5.2,-9.1,5.2,-2.5
JW.A,-10.1,-14.7,0.8,0.2,10.7,-2.7,-13.1,-6.4,0.4,-4.8,11.6
JWN,-9.9,-5.9,-55.8,41.3,-8.7,-6.6,-9.6,16.9,-21.5,-4.0,114.2
K,-1.4,-11.3,-0.8,7.2,0.7,-0.1,4.6,2.8,-6.7,-2.3,1.6
KALU,-9.7,-5.6,-26.7,13.6,6.7,1.3,-12.3,3.8,-16.9,16.1,23.9
KAMN,-6.4,-10.1,-30.6,10.1,7.9,4.7,-1.0,17.1,-15.8,2.0,31.8
KAR,-3.5,-8.4,-37.7,36.3,2.1,-7.1,11.3,14.6,-17.6,-3.8,24.0
KBH,9.6,-13.2,-44.5,58.8,31.4,-9.2,14.6,6.3,4.2,-18.8,9.1
KBR,-10.8,-4.6,-20.3,4.3,19.6,-6.0,0.1,12.4,-13.4,0.5,24.6
KELYA,-21.3,-6.5,-23.6,28.4,-1.8,6.7,0.3,28.2,-11.6,3.0,17.7
KEX,-18.1,-13.0,-31.8,33.3,3.5,4.4,-8.9,-8.2,-13.5,6.9,31.5
KEY,-7.6,-12.6,-36.6,23.3,7.0,2.8,2.7,2.6,-4.8,8.9,19.1
KEYS,-9.4,1.9,-11.7,19.6,15.2,-5.8,0.2,-1.4,-1.0,7.6,14.5
KFY,-3.3,-14.6,-30.5,21.2,8.0,-0.1,-7.5,8.5,-4.9,4.1,32.6
KHC,-9.1,-15.2,-0.1,28.1,3.7,4.8,8.6,1.9,-12.3,0.7,7.7
KIM,-8.0,-8.9,-44.3,31.4,4.8,7.2,-13.6,7.5,-7.8,-11.6,40.7
KLAC,-7.0,-7.3,-6.5,24.7,17.1,10.5,3.5,2.7,-6.8,-0.9,27.8
KLIC,-4.8,-11.8,-8.6,18.0,2.9,-6.3,14.0,1.2,-8.4,15.2,16.5
KMB,4.1,-8.4,-2.5,10.2,3.4,0.0,7.2,3.8,-4.3,-10.2,5.1
KMI,-1.4,-8.1,-27.4,19.6,8.5,-3.8,-5.4,-2.0,-11.1,-2.8,20.8
KMPR,-4.0,-7.5,8.0,-5.8,-2.5,10.5,8.9,-1.1,-14.1,-7.1,21.6
KMT,-15.2,-11.2,-33.0,39.9,17.9,2.5,-2.6,7.6,-3.3,7.5,12.9
KMX,10.7,-10.0,-38.3,40.7,23.9,-0.6,8.9,10.3,-15.4,-7.5,8.1
KN,-6.7,-15.8,-19.5,19.2,-1.6,-1.1,1.6,-1.3,-2.2,-5.9,19.2
KNSL,12.4,6.3,-13.9,8.6,24.8,3.0,24.2,6.3,-9.4,-1.1,28.1
KNX,3.5,-13.9,2.7,19.2,9.7,2.6,5.7,4.5,-12.1,-6.2,8.7
KO,5.5,-8.4,-17.3,9.0,2.4,-4.9,5.4,4.8,0.5,-2.3,7.4
KOP,-17.9,-30.3,-43.4,56.5,20.9,7.8,39.1,-4.4,-14.5,6.7,20.7
KR,-7.3,4.7,7.1,3.6,2.1,4.2,3.6,2.6,-4.2,-5.3,2.5
KRA,-35.0,-38.5,-20.0,104.1,9.7,12.4,-19.7,6.8,24.1,60.4,-4.6
KRC,-1.6,-12.0,-12.4,3.4,-5.0,0.3,-1.4,0.4,-8.9,-10.7,29.9
KREF,3.1,-6.7,-23.6,8.8,2.3,1.0,2.3,9.3,-9.3,0.1,9.1
KRG,-11.9,-6.1,-41.4,29.5,0.5,12.6,-14.5,13.9,0.6,-13.2,39.0
KSS,-16.1,-8.4,-62.7,42.7,9.0,0.3,-5.3,12.2,-11.6,9.4,51.2
KSU,10.1,-10.7,-15.6,6.9,17.3,0.0,18.8,5.9,-1.9,-1.8,5.7
KTB,-9.2,-11.5,-43.2,25.1,-25.4,8.3,10.4,15.3,9.0,32.9,26.7
KWR,0.9,-5.1,-19.9,35.8,17.5,8.4,7.8,-2.1,-7.8,6.3,29.5
L,-2.0,-11.3,-23.7,6.2,5.1,1.5,8.6,-1.5,-3.9,-0.5,20.8
LAD,-7.7,-12.1,-31.4,51.3,11.5,23.3,47.9,8.6,-11.8,-7.0,26.0
LAMR,4.0,-9.8,-38.8,28.5,23.4,-0.7,-2.4,5.3,-2.2,-9.9,28.5
LANC,-3.4,-6.6,0.1,-0.3,13.6,0.6,2.4,12.1,1.0,-6.5,1.9
LB,27.8,-6.5,-46.6,16.2,34.9,-9.5,61.7,20.4,0.9,-3.6,21.2
LCI,-7.7,6.9,-20.1,48.4,-18.4,-6.7,-15.8,-11.6,19.1,5.8,-4.2
LCII,0.8,-10.6,-30.8,42.3,18.6,16.9,9.4,-9.7,-8.6,-1.4,14.7
LDL,-0.4,-41.7,-45.8,91.8,-5.3,16.9,27.2,15.9,-14.1,17.2,38.5
LDOS,2.6,2.2,-10.7,13.4,7.6,-11.6,2.0,-4.9,-0.6,-8.2,21.3
LEA,-10.2,-9.7,-26.9,37.6,14.6,-1.3,3.9,3.2,-6.1,6.8,18.3
LECO,-7.8,-8.2,-15.7,25.3,6.9,1.8,9.6,7.0,-5.7,12.0,12.9
LEG,-6.4,-16.7,-32.7,43.9,-9.4,10.6,16.6,2.3,-3.0,0.2,3.3
LEN,18.9,-9.1,-36.7,44.2,22.2,2.5,21.0,3.4,4.5,-15.3,8.0
LFUS,-7.5,-9.7,-16.4,19.6,11.5,2.5,9.1,1.8,-3.4,7.7,21.5
LGIH,12.9,-5.5,-40.1,56.9,38.8,5.0,31.5,-2.0,0.2,-13.2,1.1
LGND,-15.8,6.6,-22.3,44.4,9.2,9.4,4.7,-13.0,-6.4,-16.0,2.3
LH,3.7,0.2,-28.1,41.6,10.2,-6.2,15.5,-8.9,8.1,6.9,0.0
LHCG,5.8,-16.7,15.4,1.2,29.3,8.3,10.0,6.8,2.1,1.2,-9.3
LHX,11.9,-10.7,-8.9,9.3,5.3,-13.5,-1.3,7.4,-4.4,-6.7,19.2
LII,-4.5,-2.1,-20.3,6.2,16.6,7.3,15.9,4.5,-4.9,-0.9,6.0
LIN,-4.6,-6.0,-9.4,14.4,12.2,3.4,14.1,1.9,-7.3,-5.3,16.4
LITE,-4.5,2.7,-5.3,17.9,-5.3,9.6,15.8,-7.4,-12.9,7.4,4.5
LIVN,-9.9,2.6,-35.1,33.2,2.4,-11.3,-7.3,0.8,-1.8,9.4,5.0
LKQ,-8.4,-9.5,-30.7,36.7,10.7,-6.6,12.4,12.6,-12.9,14.2,10.1
LL,-22.1,28.8,-52.1,67.9,42.8,38.6,60.6,7.5,-10.7,-1.3,30.6
LLY,6.2,-9.7,10.0,13.4,-0.4,7.7,-8.0,-1.3,0.5,-9.6,11.6
LMAT,0.1,-20.8,-12.6,21.1,2.0,-1.6,11.8,10.1,0.0,1.1,21.3
LMNX,-2.1,9.1,11.2,33.3,-12.4,2.8,13.7,-26.7,0.2,-15.1,7.7
LMT,9.9,-13.6,-8.4,14.9,1.3,-6.2,5.1,3.0,-0.9,-8.1,4.2
LNC,-7.7,-16.7,-42.0,48.7,16.8,-6.2,7.5,-3.3,-13.3,10.1,34.5
LNN,4.2,-1.0,-7.5,6.3,8.1,-1.3,7.0,3.1,-4.7,9.3,10.0
LNT,8.5,-12.2,-7.3,8.0,4.5,-3.3,10.4,0.6,-3.4,5.6,-4.8
LNTH,-14.6,-11.2,-17.9,12.5,13.8,3.0,-4.4,-0.4,-3.5,-15.8,21.2
LOCO,-9.0,-6.4,-34.5,50.6,1.6,6.2,33.2,-9.6,-10.4,-13.4,11.0
LOPE,-18.3,3.1,-5.4,17.9,15.7,-8.4,-3.2,6.0,-19.3,-2.3,6.5
LOW,-2.9,-8.3,-19.3,30.3,24.8,4.5,9.8,10.6,-1.0,-5.4,-1.4
LPG,-15.2,-15.2,-21.7,12.3,-8.7,-2.4,7.0,-1.2,-2.7,0.2,33.3
LPI,-40.1,-37.2,-64.8,213.4,-12.3,-22.3,11.6,7.8,-38.5,-12.2,46.9
LPSN,10.8,-35.5,-14.0,14.4,66.7,11.9,0.0,38.8,-17.5,-0.1,9.3
LPX,3.4,-7.3,-39.6,32.5,21.0,6.4,28.1,4.0,-11.9,-4.2,19.8
LQDT,-10.7,-26.3,-1.0,37.7,18.5,5.5,-13.3,40.0,-0.1,15.4,11.5
LRCX,2.0,-1.6,-18.2,14.3,16.4,19.4,18.8,-10.8,-2.6,0.9,32.3
LSI,4.5,-4.7,-12.4,-4.7,13.1,-3.8,0.0,7.4,-1.6,5.8,-3.9
LSTR,-2.7,-8.8,-5.1,11.6,12.8,-1.0,9.5,9.3,-6.5,-0.4,5.4
LTC,3.1,-2.9,-31.1,29.8,9.6,1.8,-4.1,-1.8,-4.5,-7.7,12.2
LTHM,10.1,-5.1,-41.2,27.0,17.4,-9.0,5.7,35.2,-0.3,19.0,41.1
LUMN,3.4,-11.6,-21.6,20.8,-3.3,-1.1,-2.2,11.4,-5.3,-13.4,21.2
LUV,1.9,-16.0,-22.9,-2.5,9.8,1.7,-8.6,21.7,-1.1,4.2,17.2
LVS,-5.4,-10.7,-27.2,19.2,5.1,-7.1,-3.1,16.2,-6.0,4.0,15.9
LW,6.1,-4.8,-34.3,20.3,2.9,3.8,-5.3,4.6,8.1,-4.8,14.1
LXP,4.2,-6.3,-4.2,12.2,-3.4,9.2,7.3,-2.0,-8.1,-6.3,2.8
LYB,-17.6,-8.2,-30.5,28.7,15.6,0.6,-4.7,4.7,3.0,0.5,24.3
LYV,-4.6,-10.8,-25.2,15.4,19.4,-12.5,1.7,21.3,-5.8,-9.2,34.5
LZB,-2.7,-6.5,-28.3,29.8,14.5,4.4,4.9,14.2,-5.4,4.6,8.2
M,-6.2,-17.1,-62.9,32.3,18.7,8.0,-7.9,15.0,-18.7,6.3,64.4
MA,5.8,-8.1,-16.8,20.3,12.0,-1.9,2.4,16.1,-5.2,-15.9,16.6
MAA,4.1,-5.8,-20.3,13.3,6.1,-2.5,1.3,-1.7,-0.5,-3.0,8.2
MAC,-17.1,-8.5,-72.4,34.1,-0.4,25.6,-12.3,3.9,-12.5,-0.7,43.7
MAN,-5.8,-17.0,-30.2,35.2,-1.8,-5.4,2.1,6.6,0.8,-6.5,27.7
MANH,7.2,-21.2,-26.0,56.4,28.3,-0.1,3.3,1.5,-3.3,-12.2,19.6
MANT,0.5,-6.7,-3.0,4.2,3.2,-10.9,1.4,7.6,-8.2,-6.7,18.6
MAR,-7.5,-11.5,-39.7,31.5,4.4,-9.8,-3.2,22.8,-10.2,-1.6,36.6
MAS,-1.0,-13.0,-16.3,23.6,16.5,7.5,15.1,2.0,-7.1,-2.8,0.1
MASI,7.9,-4.3,8.4,19.8,10.2,-3.8,-4.2,1.8,5.5,-5.3,13.7
MAT,8.0,-19.4,-25.3,4.2,11.0,0.4,13.0,-3.3,4.9,15.5,12.5
MATW,-2.2,-20.8,-18.2,3.1,-10.5,-8.4,17.1,1.4,2.7,-2.6,22.4
MATX,-11.7,-7.8,-7.8,7.8,-2.9,0.5,27.4,10.0,-1.8,30.3,11.9
MCD,8.3,-9.3,-14.8,18.6,2.0,-1.6,5.2,9.9,3.2,-3.0,2.1
MCHP,-6.9,-6.9,-25.3,39.7,17.8,10.0,-1.3,7.8,-8.5,-1.8,27.9
MCK,3.1,-1.9,-3.3,6.2,17.8,-3.5,-0.5,2.2,-0.9,0.4,22.0
MCO,8.2,-6.5,-11.9,23.5,10.6,-0.8,1.0,4.7,-2.1,-10.4,7.4
MCRI,10.6,-11.9,-40.6,28.5,30.3,-16.1,6.7,27.1,-6.6,-3.6,27.3
MCS,-8.2,-8.3,-53.9,26.1,-2.7,-2.8,2.3,13.5,-50.8,-5.8,60.2
MCY,0.7,-11.8,-6.0,8.2,1.4,0.3,7.4,4.2,-8.0,-1.3,9.2
MD,-17.0,-25.9,-31.9,34.3,13.5,3.3,14.2,-7.0,-12.3,-21.7,58.5
MDC,10.4,-6.6,-41.0,46.2,18.0,5.0,30.7,-3.2,3.5,-10.0,10.9
MDLZ,4.2,-8.0,-5.2,5.7,2.8,-2.1,8.6,5.3,-1.3,-8.3,8.2
MDP,-7.5,-12.3,-53.6,27.1,14.7,-4.7,-2.1,-2.5,-2.5,-14.7,85.0
MDRX,-12.6,-12.1,-6.6,-3.1,2.1,2.9,36.5,-0.8,-9.1,23.4,35.7
MDT,1.8,-12.8,-10.4,16.1,3.6,-5.6,4.5,11.4,-3.3,-1.7,13.1
MDU,-0.3,-6.3,-22.5,9.0,3.0,0.8,-5.2,12.6,-5.3,6.0,5.0
MED,-11.8,-14.0,-24.8,32.1,39.6,34.3,18.3,-2.6,-0.9,-15.0,45.3
MEDP,1.8,5.1,-18.4,16.7,21.9,3.8,28.4,8.7,-13.4,-2.8,15.7
MEI,-16.8,-6.4,-13.8,17.9,9.9,-1.2,-2.5,0.4,-2.0,8.3,13.8
MERC,-10.5,-19.5,-18.3,44.6,-13.6,3.9,-7.5,12.5,-21.3,-2.6,30.2
MET,-2.5,-14.1,-28.4,29.3,3.8,0.4,6.6,1.6,-3.5,1.6,22.0
MGLN,-6.4,-18.0,-19.8,36.6,10.3,-0.6,1.6,1.7,0.2,-5.0,9.4
MGM,-6.6,-20.9,-52.0,43.0,14.5,-5.6,-4.1,39.8,-4.5,-5.7,37.3
MGPI,-29.7,-15.6,-6.5,44.0,-1.9,-0.3,1.7,-2.0,8.5,4.2,3.8
MHK,-3.4,-8.0,-37.1,31.1,11.8,9.3,-18.1,15.6,6.2,4.9,21.9
MHO,12.8,-16.1,-55.6,81.6,39.6,1.9,27.2,2.2,2.0,-11.2,11.1
MIDD,2.4,-0.3,-49.1,4.9,29.2,8.5,10.6,17.9,-8.4,10.3,36.6
MIK,-39.1,-13.0,-62.2,92.4,36.9,71.2,3.0,56.7,-16.0,-22.5,21.9
MKC,-3.7,-10.5,-3.4,13.1,13.4,1.6,8.6,5.8,-5.7,-6.6,3.6
MKSI,-4.7,-4.4,-18.7,29.9,14.8,8.7,14.5,-6.2,-9.1,-2.8,27.3
MKTX,-6.6,-8.4,2.5,36.2,13.1,-3.6,2.1,-6.0,-1.8,11.6,0.1
MLAB,5.2,-8.8,-5.5,13.9,14.5,-16.1,10.1,3.8,1.9,1.2,4.0
MLHR,-7.2,-11.4,-35.2,9.1,6.9,1.8,2.4,1.7,24.2,-4.5,17.0
MLI,-8.1,-4.1,-14.4,15.1,5.4,1.1,7.3,6.2,-11.3,7.0,13.2
MLM,-5.7,-13.7,-16.8,2.2,2.9,5.4,-0.9,-2.1,13.2,13.4,-0.3
MMC,0.4,-6.5,-17.3,18.7,9.1,0.6,8.4,-1.4,-0.7,-9.4,10.8
MMI,-5.0,-9.7,-15.2,14.8,1.8,3.9,-4.1,3.6,-3.3,11.3,14.8
MMM,-10.1,-5.9,-8.5,14.1,5.3,0.3,-3.2,8.3,-2.8,0.7,8.0
MMS,-3.5,-12.2,-7.6,20.8,9.1,-3.3,5.4,4.5,-11.8,-1.9,6.3
MMSI,16.7,-1.1,-13.2,41.5,16.7,2.5,-1.1,9.8,-12.4,17.1,10.0
MNRO,-19.8,-10.5,-21.9,34.9,5.9,-0.4,2.0,-18.1,-12.9,0.8,11.8
MNST,4.8,-6.3,-9.9,16.4,20.8,-4.5,13.7,6.9,-5.5,-6.0,10.7
MO,-4.8,-15.1,-4.2,4.4,3.0,0.2,4.9,6.3,-10.4,-7.3,10.4
MOG.A,5.0,-13.9,-34.5,7.1,14.1,-4.1,4.9,12.2,4.0,-4.2,24.0
MOH,-9.4,-0.3,14.0,25.0,7.3,-2.8,3.1,0.1,-1.6,-0.9,9.5
MOS,-8.3,-14.2,-36.5,13.8,8.4,-0.1,8.9,35.3,-2.3,4.0,18.7
MOV,-20.8,-14.6,-19.6,-3.2,6.3,0.5,-6.9,13.2,-9.5,5.9,55.2
MPAA,-9.9,-15.7,-24.9,25.3,30.3,12.4,-1.3,4.6,-13.8,-7.2,36.6
MPC,-9.5,-13.0,-50.2,53.7,20.2,2.4,7.1,-7.2,-16.1,6.5,31.8
MPW,4.9,-4.6,-18.2,12.7,8.5,0.6,4.1,-7.7,-5.0,-2.0,8.9
MPWR,-3.8,-7.3,5.6,25.4,11.0,11.1,12.5,0.8,2.6,14.0,0.1
MRCY,11.1,-4.3,-2.9,30.6,3.2,-11.0,-4.7,-2.2,1.2,-10.0,3.4
MRK,-6.1,-10.4,0.5,7.5,3.9,-2.8,2.7,6.3,-1.8,-7.9,6.9
MRO,-16.3,-27.2,-60.3,96.2,-2.9,7.6,-7.7,-3.8,-23.1,0.3,49.5
MRTN,-3.4,-5.9,5.0,16.3,8.8,0.4,8.6,2.3,-11.4,-6.6,14.9
MS,2.2,-13.8,-24.5,24.7,15.1,8.1,2.7,6.9,-8.0,1.9,28.4
MSA,7.3,-10.3,-16.8,26.2,12.9,-3.5,6.6,6.3,5.5,-1.1,13.3
MSCI,10.7,3.4,-2.2,20.5,2.8,-0.5,10.3,-0.7,-5.5,-2.7,17.0
MSFT,7.9,-4.8,-2.7,17.8,5.0,11.3,0.2,10.0,-7.5,-4.7,5.7
MSI,9.8,-6.4,-19.8,14.1,-2.5,0.9,2.8,10.7,2.0,0.8,8.5
MSM,-13.3,-9.2,-11.1,10.0,17.6,5.5,-7.8,-0.2,-5.8,11.9,19.6
MSTR,6.6,-11.1,-12.6,11.4,1.5,-3.5,5.2,16.6,1.2,12.2,105.2
MTB,-0.7,-16.7,-26.3,16.9,-1.4,-4.2,4.6,-2.5,-11.1,12.3,12.5
MTD,-4.6,-7.3,-1.6,9.7,15.4,0.3,16.2,3.8,-1.0,2.8,15.2
MTDR,-18.4,-34.3,-74.3,225.9,20.8,3.3,6.2,12.1,-18.8,-12.7,44.0
MTG,-2.7,-12.8,-47.2,30.5,22.2,-4.9,3.9,10.9,-3.9,9.7,18.9
MTH,16.1,-10.6,-42.5,65.0,33.8,7.7,35.3,-3.2,9.5,-23.2,3.5
MTOR,-16.3,3.6,-41.6,66.3,5.9,-6.5,19.6,0.0,-12.6,11.7,8.5
MTRN,-8.7,-16.5,-22.8,52.8,5.7,16.1,-2.0,-4.9,-5.7,-2.4,13.9
MTRX,-12.1,-40.0,-21.6,13.8,13.5,-8.0,-6.1,5.5,-7.0,-11.4,26.1
MTSC,5.5,-20.8,-43.9,5.3,-9.6,-0.3,9.4,31.5,-23.9,25.9,44.3
MTX,-6.1,-17.1,-19.2,34.6,16.3,-5.9,4.2,8.3,-0.8,6.1,10.9
MTZ,-10.0,-15.0,-33.3,24.2,5.4,10.1,-8.0,16.2,-11.0,19.6,14.2
MU,-1.3,-1.0,-20.0,20.1,6.3,11.2,0.7,-9.1,2.6,5.1,27.3
MUR,-21.8,-10.1,-67.5,111.8,15.2,5.1,-1.0,4.0,-35.6,-8.4,30.3
MUSA,-12.7,-4.6,-13.5,28.8,13.3,-2.4,18.3,1.9,-6.6,-4.4,4.8
MXIM,-2.3,-7.5,-12.6,19.5,10.8,4.8,14.1,0.5,-2.5,0.5,19.2
MXL,-8.2,-20.7,-24.5,58.1,10.2,24.0,21.5,-3.9,-7.5,10.5,18.2
MYE,-3.0,-16.1,-20.8,27.7,15.4,7.2,6.0,1.6,-14.0,7.3,18.5
MYGN,1.5,-36.3,-18.8,18.0,-1.8,-25.3,7.3,10.8,-4.8,-5.6,41.1
MYRG,-11.9,-11.2,2.7,22.7,3.6,12.6,17.3,5.8,-4.5,15.1,19.6
NATI,5.4,-9.7,-17.9,23.1,6.1,-1.5,-7.0,1.1,-0.5,-13.0,19.7
NAVI,5.1,-21.9,-32.5,8.7,5.9,-8.3,15.2,14.2,-7.4,-5.9,17.0
NBHC,-7.4,-6.2,-21.9,15.1,2.8,2.6,6.8,2.4,-7.6,14.4,6.7
NBR,-28.1,-15.0,-77.8,-15.9,169.5,-5.4,20.3,-5.7,-38.2,21.8,84.3
NBTB,-6.8,-10.8,-3.9,5.1,-1.5,0.3,1.9,2.3,-11.9,2.4,9.4
NCLH,-7.8,-30.8,-70.6,71.7,13.2,-5.0,-16.9,25.4,1.0,-4.1,37.5
NCR,-4.1,-25.3,-29.8,9.1,0.2,-11.1,8.6,10.9,10.5,-8.2,36.2
NDAQ,8.7,-11.9,-7.4,18.9,11.1,0.5,8.7,2.4,-9.0,-2.4,5.8
NDSN,3.7,-14.0,-7.0,28.7,19.3,2.3,4.4,-3.7,1.1,0.9,5.4
NEE,10.8,-5.8,-4.8,5.9,12.6,-6.1,14.0,-0.5,0.2,3.6,0.5
NEM,3.7,-1.0,1.5,28.0,-4.1,2.1,12.8,-2.8,-5.3,0.0,-6.4
NEO,10.2,-12.1,-2.5,4.0,2.7,20.8,14.9,1.9,-5.2,6.5,21.3
NEOG,3.1,-9.7,10.3,1.6,16.7,8.0,0.3,-0.7,3.2,-11.5,6.4
NEU,-9.6,-11.6,-1.5,6.9,6.2,-6.9,-5.6,-0.6,-7.1,4.7,3.4
NFBK,-6.3,-11.1,-20.8,8.1,-4.6,5.9,-10.4,0.5,-6.1,7.5,9.5
NFG,-7.2,-15.2,1.9,15.8,3.9,-1.4,-0.9,12.5,-8.4,0.0,3.0
NFLX,6.7,6.9,1.8,15.3,1.1,6.8,0.7,8.3,-10.2,-9.8,3.1
NGVT,-25.4,-30.9,-21.8,47.8,10.0,-1.9,13.0,-4.0,-13.3,9.9,21.3
NI,5.3,-7.8,-7.6,8.9,-2.6,-6.1,4.2,-9.4,2.9,4.4,5.4
NJR,-7.3,-14.5,-3.8,14.2,5.1,-5.6,-3.6,-3.0,-9.3,8.4,13.2
NKE,-4.9,-7.2,-7.4,10.0,15.2,-1.5,0.2,14.6,9.3,-5.2,12.2
NKTR,-7.9,4.6,-14.2,9.2,20.2,7.1,-5.5,-12.7,-13.4,-5.2,3.5
NLOK,11.4,-33.0,-1.7,13.4,9.2,-8.7,8.5,9.7,-12.5,-0.7,-11.4
NLSN,0.5,-10.7,-31.1,24.3,-0.5,2.0,-1.4,5.9,-4.7,-4.7,19.7
NMIH,-3.8,-26.9,-50.3,24.0,21.7,0.4,-0.5,10.5,2.9,15.4,2.0
NNN,4.4,-9.2,-36.7,15.5,-0.7,6.1,-3.1,0.0,-2.8,-10.1,17.8
NOC,8.9,-12.2,-8.0,7.7,2.2,-7.0,5.5,5.4,-7.3,-7.1,4.3
NOV,-17.7,-9.2,-47.5,35.2,6.6,-2.0,-2.5,4.3,-24.1,-3.0,46.0
NOW,19.8,-3.6,-12.1,28.7,14.3,5.7,5.4,9.7,-2.5,1.0,7.4
NP,-5.4,-13.3,-25.3,24.0,7.2,-4.0,-7.9,-0.7,-15.4,-0.5,28.9
NPK,-2.5,-8.8,-9.9,11.0,11.8,-2.1,-0.4,5.3,-9.5,3.8,2.4
NPO,-12.6,-7.7,-26.6,17.2,2.7,10.9,1.6,22.6,-5.2,3.9,20.0
NRG,-7.2,-10.0,-17.9,24.9,9.3,-9.8,2.0,1.8,-10.0,3.2,3.6
NSA,1.6,-1.2,-12.3,4.2,11.1,-6.4,2.9,11.3,-4.2,1.3,0.3
NSC,7.3,-12.4,-19.9,22.2,4.4,-1.6,12.1,10.6,-0.6,-1.3,13.3
NSIT,-6.3,-16.4,-23.5,36.2,-3.2,-4.0,5.4,20.0,-5.6,-7.0,34.0
NSP,1.5,-23.0,-44.6,39.8,10.1,21.3,4.4,0.8,-4.1,15.6,11.6
NTAP,-14.2,-12.5,-10.8,9.4,7.4,4.0,1.8,7.0,-6.1,2.3,21.5
NTCT,6.8,0.0,-7.9,16.1,6.3,-8.7,0.3,-9.1,-7.1,-6.4,14.1
NTGR,4.9,-26.6,21.0,12.7,17.2,1.4,26.1,8.5,-8.3,-1.8,3.2
NTRS,-7.9,-10.3,-14.0,8.4,4.7,-1.6,1.8,4.5,-5.0,1.6,19.0
NTUS,-5.2,-14.1,-14.0,12.9,-9.0,-2.5,-15.2,-2.3,-4.5,5.9,14.9
NUE,-15.6,-12.9,-12.9,14.7,3.1,-2.5,3.9,8.4,-3.8,6.0,12.4
NUS,-20.5,-24.8,-10.9,42.3,36.3,2.2,16.6,5.4,4.4,-3.6,4.4
NUVA,-0.3,-14.7,-23.0,35.7,3.5,-9.5,0.6,-8.8,-6.2,-9.3,4.3
NVDA,0.5,14.2,-2.4,20.2,25.5,7.9,11.4,26.0,-2.1,-7.9,6.9
NVR,0.2,-3.9,-29.9,28.6,6.1,1.7,23.4,6.1,-2.5,-6.5,1.1
NVT,-2.7,-3.6,-29.7,19.6,5.5,-0.2,-0.9,5.3,-8.4,1.2,27.4
NWBI,-5.4,-11.7,-16.7,-3.6,-2.5,3.6,1.1,2.6,-8.9,14.7,10.9
NWE,7.4,-8.6,-14.9,3.6,7.2,-9.8,1.5,-8.2,-5.6,6.4,11.3
NWL,1.6,-21.0,-13.9,12.0,7.1,18.0,3.9,-2.6,9.1,3.8,20.4
NWN,-0.5,-10.4,-6.1,16.4,3.1,-12.5,-4.1,-4.4,-9.0,-0.7,7.8
NWSA,-3.7,-11.3,-25.7,14.7,29.3,-2.7,5.3,18.9,-7.6,-7.4,34.4
NX,3.7,-5.2,-40.0,35.4,2.7,8.8,8.0,19.6,6.0,-2.4,13.2
NXGN,-13.8,-5.6,-20.2,22.4,3.3,6.7,33.6,-9.3,-5.0,6.8,30.4
NXRT,8.4,-8.8,-43.3,36.4,10.4,8.1,6.1,8.3,7.1,-1.5,0.0
NYCB,-8.0,-2.3,-13.1,25.5,-6.2,0.7,7.4,-14.1,-7.0,1.1,16.6
NYMT,1.9,-10.2,-72.8,69.0,0.0,17.6,1.6,0.8,-2.3,-1.2,38.4
NYT,-0.5,17.0,-18.0,14.3,20.9,6.6,8.3,-6.1,-2.1,-9.6,8.2
O,6.5,-7.7,-31.1,18.2,6.8,5.2,-1.7,3.3,-2.7,-7.1,3.6
OC,-7.1,-6.6,-31.3,17.8,27.1,3.5,13.1,11.9,-1.0,-6.0,11.3
ODFL,3.4,-1.2,1.6,18.8,16.4,0.9,8.6,10.6,-11.4,4.2,6.8
ODP,-19.0,5.9,-30.2,40.5,23.5,-5.6,-2.6,5.9,-18.1,-3.5,47.0
OFC,1.3,-14.9,-12.7,33.6,-0.2,-1.1,4.8,-6.9,-2.1,-8.0,18.7
OFG,-16.5,-15.1,-33.2,25.8,3.0,9.3,1.0,-1.8,-5.5,14.3,16.4
OFIX,-6.3,-18.3,-20.7,35.9,0.8,-7.0,-5.0,-1.2,3.7,-0.4,17.6
OGE,3.1,-16.9,-19.3,8.4,3.3,-5.5,7.8,-3.2,-4.5,1.9,5.3
OGS,1.0,-13.1,1.8,3.0,6.8,-7.1,-1.7,-2.1,-4.8,0.2,14.7
OHI,-0.9,-5.6,-33.0,18.8,15.0,-5.7,7.1,-4.4,-3.7,-7.3,22.2
OI,5.8,-14.4,-34.2,27.6,-6.0,1.7,17.3,4.2,-5.6,-12.8,20.0
OII,-16.8,-15.1,-72.1,87.6,54.3,3.7,-6.8,-4.1,-34.2,17.2,48.8
OIS,-33.9,-26.6,-74.3,84.0,32.9,10.2,-2.8,-2.0,-37.5,-2.4,78.3
OKE,-1.1,-10.9,-67.3,55.9,31.3,-12.9,-13.3,-1.5,-4.3,14.8,23.7
OLED,-14.5,-9.9,-17.0,21.7,3.7,2.6,18.6,0.6,3.3,8.0,15.5
OLLI,-18.8,-4.1,-8.9,51.1,38.5,6.5,10.1,-9.1,-7.7,-1.3,1.1
OLN,-13.8,8.9,-27.9,22.7,-1.8,-8.2,2.6,0.1,4.3,32.6,32.3
OMC,-7.0,-8.0,-20.8,10.4,-2.0,-1.8,-1.5,0.7,-6.6,-4.8,33.5
OMCL,-0.5,0.2,-19.5,17.2,-6.9,5.6,2.5,-5.1,9.9,15.3,21.1
OMI,21.1,9.1,34.0,-11.8,7.7,-2.8,112.7,3.1,53.1,11.3,2.5
ONB,-2.1,-12.0,-16.3,12.9,0.6,1.1,6.1,-0.1,-9.9,11.0,13.2
ONTO,3.8,-19.4,-2.9,13.3,1.8,9.1,15.5,-17.4,-7.1,3.9,37.9
OPI,5.9,-14.4,-6.5,9.8,-3.1,0.7,-1.6,-5.2,-11.8,-12.5,24.1
ORCL,-1.0,-5.7,-2.3,8.7,3.8,4.2,-0.1,3.2,3.5,-6.0,2.9
ORI,0.8,-12.5,-22.7,9.6,2.0,2.0,-0.5,0.2,-8.8,9.9,10.1
ORLY,-7.3,-9.2,-18.4,34.5,10.9,1.0,12.0,-2.5,-2.6,-5.8,1.3
OSIS,-14.1,-6.1,-15.2,13.6,1.9,-2.0,-3.5,11.0,-1.3,-1.1,14.2
OSK,-9.1,-16.1,-10.8,5.3,12.8,-0.9,12.1,-2.2,-6.7,-8.0,19.5
OSPN,-2.9,-0.7,9.9,-6.3,27.6,33.4,14.9,-30.8,-6.4,2.5,-9.8
OSUR,-12.2,-14.5,78.4,37.7,-3.3,-17.6,61.4,-35.4,11.1,20.7,-19.7
OTIS,#N/A,#N/A,#N/A,9.0,5.9,5.1,12.5,0.3,-2.5,-1.7,9.2
OXM,-8.0,-13.0,-40.0,25.6,3.8,2.1,1.2,15.3,-21.2,-2.0,35.5
OXY,-3.6,-17.6,-64.6,54.6,-15.0,32.5,-9.6,-19.1,-19.8,-5.7,72.6
OZK,-10.9,-6.6,-34.2,40.0,5.5,2.0,6.6,-4.2,-9.0,14.3,12.8
PACW,-8.4,-9.7,-43.4,23.2,-7.7,10.9,-3.3,4.4,-9.9,13.1,20.9
PAHC,-4.5,6.5,-4.3,11.9,6.7,3.3,-10.8,-7.5,-15.6,-4.1,14.9
PARR,-13.4,-17.5,-57.2,48.9,-1.7,-2.1,-14.9,17.1,-20.4,-6.3,76.9
PATK,-1.0,1.8,-46.7,67.0,35.1,17.2,8.4,-12.1,-2.7,-11.2,13.1
PAYC,20.2,-11.2,-28.5,39.3,23.0,1.3,-11.2,5.3,1.2,13.6,14.6
PAYX,0.8,-9.7,-18.8,13.1,8.5,5.3,-5.7,6.3,4.6,3.7,13.3
PB,-2.4,-8.0,-25.3,30.9,11.7,-7.2,-3.9,-1.9,-4.1,6.9,14.0
PBCT,-8.8,-9.3,-21.0,23.0,-4.3,-1.5,-3.7,-1.9,-2.4,4.9,16.2
PBF,-13.0,-18.0,-68.4,92.9,10.5,-6.6,-9.4,-1.4,-32.0,-16.3,55.5
PBH,0.1,-7.9,-1.8,9.6,5.4,-9.0,0.8,-2.0,-0.4,-8.5,7.7
PBI,-7.2,-8.6,-40.4,90.8,-31.1,0.8,33.1,64.4,-6.2,-1.1,7.3
PCAR,-6.2,-9.9,-8.6,15.2,8.2,2.4,14.6,0.9,-2.0,1.1,2.0
PCH,-0.6,-14.6,-14.6,26.6,4.1,8.9,12.5,7.5,-10.2,-4.0,12.0
PCRX,-4.6,0.4,-22.7,28.2,14.1,17.7,-1.0,18.8,-3.4,-12.8,15.9
PCTY,17.4,-8.7,-31.8,39.1,21.3,8.2,-11.7,10.5,7.1,14.2,6.0
PDCE,-17.5,-11.9,-67.4,106.5,8.0,-6.1,6.4,6.2,-19.2,3.6,40.3
PDCO,7.5,8.1,-35.7,25.6,18.0,9.5,19.0,9.2,-16.7,3.1,11.6
PDFS,-6.7,-7.1,-19.9,40.6,16.3,17.3,28.0,-15.8,-12.0,-5.2,17.8
PEAK,4.4,-12.1,-24.6,22.8,-2.0,8.0,-5.3,1.3,-1.1,-3.8,7.0
PEB,-11.5,-14.8,-46.1,14.4,23.0,-2.4,-21.9,19.1,-2.0,-8.5,54.4
PEG,0.3,-13.3,-12.5,18.5,3.3,-5.9,12.4,-6.6,7.7,5.6,0.2
PEN,6.8,-5.5,-2.7,15.4,1.1,1.6,19.8,-5.8,-8.7,37.1,-15.0
PENN,16.7,-0.9,-57.2,75.7,111.1,-7.9,6.1,51.0,25.5,-27.1,29.7
PEP,3.9,-7.0,-9.0,12.0,1.1,-0.5,4.0,1.7,-0.4,-5.3,8.2
PETS,7.2,4.7,9.0,40.4,-6.4,-4.2,-10.4,11.4,-7.5,-3.1,3.8
PFBC,0.0,-14.9,-33.9,21.5,2.8,14.8,-8.3,0.4,-13.5,5.3,8.7
PFE,-5.0,-10.3,-2.3,20.8,1.5,-7.8,14.0,-1.8,-0.5,-2.4,14.0
PFG,-3.7,-16.2,-29.4,32.9,10.0,5.1,5.7,-0.8,-6.1,-2.8,27.0
PFS,-7.5,-12.4,-35.6,12.2,-4.6,10.8,0.0,-3.4,-7.9,10.6,15.5
PG,-0.2,-9.1,-2.9,7.8,-0.8,2.0,9.3,5.5,0.6,-1.5,1.3
PGR,11.5,-9.3,0.9,6.8,2.0,2.3,13.2,5.2,0.9,-1.7,-5.2
PGTI,4.0,-2.1,-44.7,40.3,39.2,8.4,12.2,6.2,-8.0,-6.0,12.3
PH,-4.9,-5.6,-29.8,36.2,17.6,0.2,-0.9,15.1,-4.5,3.8,28.3
PHM,15.1,-10.0,-44.5,35.9,24.7,-0.9,32.2,2.3,0.5,-14.1,7.0
PII,-9.7,-10.1,-41.7,53.8,33.1,3.7,14.0,-2.5,-9.2,-3.9,5.7
PIPR,3.1,-15.0,-27.8,13.6,13.7,-3.8,7.7,21.9,-4.6,13.6,10.4
PK,-15.2,-16.8,-56.7,29.4,13.8,-5.2,-15.6,14.8,3.8,-4.4,64.4
PKE,-4.9,-10.1,-9.4,5.6,-8.9,-5.7,-0.1,2.9,-2.8,-4.1,20.2
PKG,-14.5,-5.4,-4.2,15.2,7.0,-2.7,-3.3,5.3,4.6,6.4,13.5
PKI,-4.8,-6.5,-12.9,27.8,12.8,-3.8,22.5,-1.0,5.1,3.8,2.7
PLAB,-18.9,-2.6,-17.6,23.6,5.6,-4.2,8.4,-15.6,-1.0,-4.3,18.9
PLAY,9.9,-25.2,-60.4,36.8,-1.1,-3.5,-6.6,34.8,-16.3,10.4,47.6
PLCE,-4.6,-3.5,-66.0,73.3,48.6,-10.7,-34.6,-18.2,42.7,-14.9,70.1
PLD,4.2,-9.3,-4.6,21.8,5.4,-0.4,10.8,-3.4,-0.9,-2.9,0.9
PLMR,5.9,-4.9,14.5,6.9,38.4,12.2,3.8,23.0,-10.0,-14.8,-25.9
PLT,5.0,-52.2,-26.7,76.3,-7.7,15.1,36.9,-38.2,-1.3,61.1,40.0
PLUS,-5.4,-5.0,-17.3,23.0,6.3,-3.3,7.3,2.9,-3.8,-7.8,24.9
PLXS,-7.6,-6.7,-17.8,24.7,6.2,10.0,16.5,2.4,-6.5,-2.3,7.4
PM,-2.8,-1.0,-10.9,4.9,0.1,-5.1,9.7,3.9,-5.1,-4.2,6.7
PMT,4.3,-11.0,-48.7,18.2,11.7,53.2,7.8,-9.1,-8.2,-8.0,14.2
PNC,-6.9,-14.9,-24.3,22.1,10.8,-8.2,3.7,4.2,-1.5,2.2,23.4
PNFP,-7.7,-10.9,-28.7,14.7,3.3,3.5,-0.7,0.8,-11.0,27.3,18.3
PNM,6.9,-13.2,-19.3,11.9,4.5,-4.9,7.4,3.4,-4.1,19.3,-1.8
PNR,-6.4,-8.2,-24.4,26.4,17.1,-2.5,16.1,5.3,0.4,9.6,4.1
PNTG,-20.2,2.9,-47.9,42.5,35.2,-5.6,9.6,47.8,4.4,13.5,21.7
PNW,8.6,-8.4,-15.3,8.7,5.1,-5.5,10.2,-11.7,4.2,8.3,0.3
POOL,3.3,-3.8,-6.7,8.5,24.5,1.5,16.0,3.5,1.4,6.6,-1.1
POST,-4.2,-3.2,-18.1,11.5,-1.9,-0.9,1.5,-0.8,-0.3,-1.5,10.0
POWI,-1.3,-10.9,1.5,24.9,12.6,8.1,5.3,-8.3,-2.5,9.1,18.6
POWL,-15.8,-19.0,-23.2,12.3,10.7,4.2,-1.2,1.7,-11.1,-1.5,9.3
PPBI,-8.6,-13.3,-27.1,20.6,8.4,-1.9,3.9,7.5,-9.3,23.0,13.0
PPC,-20.4,-18.8,-14.4,23.9,-0.1,-18.7,-7.6,4.2,-5.7,10.5,12.8
PPG,-10.2,-12.8,-20.0,13.7,15.5,2.6,1.2,11.8,-1.5,6.5,13.1
PPL,0.9,-17.1,-17.8,11.0,12.3,-9.4,1.6,3.8,-0.8,-0.2,3.3
PRA,-16.0,-10.6,-7.9,-4.3,-31.4,6.1,7.5,4.2,3.4,-1.6,3.1
PRAA,-2.6,9.8,-28.6,13.7,26.9,10.3,3.4,18.0,-14.1,-14.8,22.0
PRAH,-8.9,-7.0,-11.8,26.6,18.5,-5.8,12.3,0.3,-4.3,-7.3,15.1
PRDO,-3.3,-16.0,-27.7,29.4,25.2,-2.8,-10.7,-0.2,-16.7,-7.8,0.4
PRFT,7.9,-17.6,-33.9,45.6,2.9,6.0,9.7,9.4,-2.1,-10.2,16.3
PRGO,10.4,-11.1,-5.1,18.2,4.0,-0.3,-3.3,-1.4,-10.6,-3.1,9.9
PRGS,8.6,-17.4,-14.2,27.8,4.9,-6.6,-9.1,8.7,-3.9,-3.1,10.3
PRI,-9.2,-6.1,-20.5,23.5,13.6,1.0,5.7,4.3,-8.8,-2.6,18.2
PRK,-7.2,-8.1,-11.1,10.3,-3.9,-2.7,25.9,4.8,-10.1,12.1,10.3
PRLB,1.9,-15.3,-13.1,45.5,35.0,-9.9,9.6,22.4,-16.8,-11.2,17.0
PRSC,9.6,-4.7,-11.2,5.7,39.4,-0.6,2.6,14.3,0.8,25.0,15.5
PRSP,6.2,-11.0,-27.0,28.5,5.2,-0.6,-7.1,-2.9,-5.4,-7.3,25.0
PRU,-2.9,-17.1,-30.9,32.7,2.4,0.0,7.5,6.9,-6.6,0.8,18.1
PSA,5.1,-6.5,-5.0,-5.7,10.0,-6.3,0.4,6.3,4.4,1.2,-2.0
PSB,1.6,-11.3,-8.8,6.2,10.0,0.7,2.9,-8.5,-3.2,-8.9,15.6
PSMT,-13.7,-9.1,-5.6,28.1,-11.5,10.6,10.3,0.6,-0.1,3.7,17.8
PSX,-18.0,-18.1,-28.3,47.8,17.9,-8.8,-10.3,-5.7,-11.8,-7.2,29.8
PTC,11.0,-9.1,-19.0,23.0,15.1,-1.6,9.1,6.8,-13.3,-0.3,28.6
PTEN,-24.4,-27.8,-59.0,95.2,13.2,-8.4,19.0,-0.6,-26.7,-0.4,68.4
PUMP,-13.4,-10.1,-71.5,90.1,24.7,3.0,8.3,16.9,-37.2,-6.2,46.1
PVAC,-29.6,-25.6,-80.6,178.3,47.1,4.5,5.3,15.2,-10.5,-20.2,17.4
PVH,-17.1,-15.0,-49.2,50.9,1.8,0.9,4.2,14.6,3.5,-3.8,36.4
PWR,-3.8,-2.6,-16.8,18.1,5.6,3.4,4.3,28.2,0.6,16.6,9.5
PXD,-10.8,-9.1,-42.9,31.8,10.5,5.2,1.5,7.2,-16.5,-5.9,26.4
PYPL,5.3,-5.2,-11.3,34.6,28.5,12.7,10.5,4.1,-5.7,-5.5,15.0
PZZA,2.6,-11.1,-7.4,29.1,8.8,-0.3,14.5,3.8,-19.0,-8.1,4.9
QCOM,-3.3,-8.2,-13.6,19.4,6.9,14.4,17.6,12.8,-3.5,3.2,19.3
QDEL,2.4,0.6,26.6,42.1,25.7,27.9,28.0,-37.7,38.5,19.0,-27.3
QEP,-29.6,-29.0,-85.1,254.5,-7.2,43.8,9.7,-11.6,-28.9,2.2,78.9
QLYS,2.8,-6.5,8.5,27.3,15.5,-11.8,18.7,-14.0,-9.6,-10.0,8.2
QNST,-15.4,-0.6,-37.5,43.3,1.4,0.6,13.3,12.6,23.8,-2.9,11.5
QRVO,-8.9,-5.0,-19.8,31.4,12.4,5.7,18.4,0.1,-1.9,-5.7,23.0
R,-12.1,-20.3,-30.5,43.9,-1.9,6.0,0.9,11.7,-0.1,16.9,20.2
RAMP,-16.3,-11.9,-7.1,35.8,37.3,-13.6,4.3,22.5,-12.0,26.1,-11.5
RAVN,-9.0,-8.5,-26.1,12.2,2.6,1.8,6.4,15.0,-16.6,3.1,15.1
RBC,-8.4,-1.0,-18.9,17.9,14.8,7.5,8.5,7.5,-7.1,5.4,20.7
RC,5.8,-11.2,-50.2,19.1,-10.7,35.4,-7.0,27.6,8.3,1.4,15.1
RCII,1.0,-26.9,-33.6,54.2,33.7,10.4,8.7,6.2,-4.7,2.1,9.4
RCL,-12.3,-31.3,-60.0,81.5,27.2,-9.6,-4.2,41.3,-5.5,-13.9,39.7
RCM,-3.7,-1.8,-26.0,22.7,8.2,4.9,16.0,6.1,18.9,2.2,13.2
RDNT,11.2,-9.5,-48.6,56.5,27.4,-6.3,0.7,-9.3,3.7,-5.3,28.3
RE,-0.1,-10.4,-22.4,-4.5,20.2,6.4,7.3,0.6,-9.3,0.1,15.3
REG,-1.7,-7.4,-33.1,23.6,4.6,1.1,-11.1,-3.2,-3.5,-9.7,28.1
REGI,-2.5,0.6,-22.4,30.6,23.4,-11.6,15.3,21.2,38.3,4.6,3.0
REGN,-10.0,31.6,9.8,5.9,16.6,4.0,3.8,-1.9,-5.6,-4.3,-5.1
RES,-13.5,-24.1,-40.1,74.0,4.6,0.3,0.7,5.4,-15.4,-12.2,30.3
REX,-8.1,-7.1,-33.6,36.8,4.9,14.1,3.6,-9.3,3.9,9.7,8.0
REXR,5.5,-2.9,-12.3,9.3,0.2,3.5,10.1,2.2,-4.0,-1.3,3.1
REZI,-14.7,5.6,-55.0,23.0,46.5,69.1,19.1,0.6,-22.3,-10.5,83.4
RF,-9.3,-13.2,-33.7,29.5,11.2,-3.1,2.2,6.4,-0.9,15.4,14.8
RGA,-11.7,-15.3,-31.0,29.2,-9.3,-14.4,12.9,7.5,3.6,4.3,14.1
RGEN,8.5,-14.7,12.8,23.1,16.0,-4.9,21.5,2.7,-4.9,11.3,13.9
RGLD,-5.7,-16.3,-9.1,34.2,5.8,-8.0,13.4,-2.6,-9.8,-1.3,-7.0
RGNX,6.2,-8.1,-19.1,36.7,3.3,0.0,-14.6,-7.8,-6.6,4.5,21.1
RGP,-6.8,-17.7,-12.5,5.4,1.9,10.8,-3.3,8.8,-6.3,-5.0,12.8
RGR,5.3,-3.0,6.0,5.3,21.1,11.4,6.9,-12.9,-17.3,7.1,-8.4
RGS,-13.2,-17.8,-53.7,149.9,-5.9,-22.5,-5.2,-3.8,-18.4,-11.1,53.2
RH,-2.2,-13.1,-44.6,62.2,57.8,17.1,10.7,15.0,12.3,-11.6,35.2
RHI,-7.9,-13.3,-25.1,23.8,14.3,1.9,-1.2,4.6,-0.9,-3.5,26.6
RJF,2.2,-8.5,-24.4,11.8,9.7,-3.3,3.5,9.0,-3.6,5.2,19.0
RL,-3.2,-7.0,-36.7,12.3,3.3,-5.5,0.9,-3.5,-1.7,-3.3,28.3
RLGY,9.4,-12.5,-67.5,60.7,50.0,17.2,23.4,22.3,-17.8,10.7,10.3
RLI,3.3,-13.6,9.4,-12.7,10.8,4.9,9.6,6.4,-11.6,2.8,10.4
RMAX,-0.5,-23.9,-24.8,31.0,13.5,9.9,3.8,8.6,-7.8,-4.4,-3.2
RMBS,15.2,-11.9,-20.6,16.8,25.7,-2.1,-1.1,-9.0,-1.9,-0.3,14.0
RMD,2.6,0.0,-7.3,9.2,1.1,19.2,6.1,-10.7,-4.2,13.2,9.2
RNR,-3.4,-10.1,-12.4,-0.3,19.1,3.7,3.0,1.9,-7.7,-4.9,1.8
RNST,-9.9,-11.3,-22.9,21.7,-3.6,4.1,-1.0,9.2,-11.4,23.9,8.3
ROCK,8.1,-7.1,-15.3,17.7,-3.3,8.2,11.1,20.7,1.5,-12.8,13.9
ROG,-5.6,-1.5,-18.6,32.7,-0.1,13.7,-0.9,-4.9,-15.8,19.7,21.2
ROIC,-6.2,-9.5,-44.7,29.7,1.3,13.6,-3.9,2.4,-7.5,-9.6,33.4
ROK,-5.4,-4.3,-17.8,31.9,18.0,-0.8,3.6,5.7,-5.7,8.0,7.8
ROL,14.4,-1.3,-3.5,13.8,4.5,0.4,22.5,5.2,-2.7,7.5,-1.2
ROP,7.7,-7.8,-11.3,16.1,16.0,0.1,11.0,-1.2,-9.5,-5.6,15.0
ROST,-3.6,-3.0,-20.0,12.7,9.0,-12.3,2.8,1.6,2.2,-10.2,26.2
RPAI,-9.3,-13.8,-50.6,31.1,-8.1,25.6,-11.8,-0.8,-9.1,-13.0,54.6
RPM,-7.0,-10.2,-7.2,16.3,16.7,1.3,10.1,3.9,-4.2,2.8,3.9
RPT,-7.2,-7.1,-53.5,26.3,-12.2,8.6,-11.1,-5.8,-8.4,-13.8,49.9
RRC,-38.1,-7.7,-17.7,156.8,-1.2,-9.6,14.9,15.5,-11.4,1.4,10.9
RRD,-39.2,-20.8,-49.6,90.0,-32.7,12.3,-2.6,16.8,13.2,-20.9,19.7
RRGB,-0.5,-16.3,-69.0,90.5,0.6,-26.5,-15.3,27.0,5.6,-10.1,67.0
RS,-4.1,-10.9,-14.4,7.8,10.5,-3.1,5.7,6.7,-4.6,4.0,8.1
RSG,6.0,-5.0,-16.8,7.7,10.8,-3.5,7.2,6.3,0.1,-5.2,9.7
RTX,0.3,-13.1,-27.8,20.3,5.6,-3.9,-8.0,7.6,-5.2,-5.5,32.0
RUN,23.3,13.6,-47.8,50.5,28.9,11.6,84.9,54.1,32.3,-35.0,23.2
RUTH,-5.8,-6.7,-65.1,85.7,-17.7,-3.7,-16.2,53.5,1.9,1.2,39.3
RWT,6.6,-3.1,-70.4,-5.5,39.0,25.7,3.9,-2.8,7.0,10.2,1.8
RYAM,-19.8,-20.5,-56.7,82.9,47.6,17.6,4.7,8.6,-0.3,12.5,88.6
RYN,-7.3,-12.7,-11.2,9.4,2.5,3.5,13.1,5.4,-9.5,-5.9,11.0
SABR,-4.0,-36.8,-56.4,46.6,-0.4,7.5,-8.8,-7.5,-1.4,-4.7,72.5
SAFE,11.6,21.5,15.8,14.3,4.6,5.0,-14.2,10.0,14.3,8.9,-1.1
SAFM,-21.9,-10.3,-0.2,18.0,-2.6,-9.0,0.3,4.9,-0.6,7.1,6.8
SAFT,-0.5,-14.5,7.2,6.8,-3.0,1.2,0.6,-4.3,-3.2,3.4,1.8
SAH,2.0,-11.5,-52.6,69.5,25.1,24.9,20.7,10.9,-10.5,-13.2,12.0
SAIA,-6.5,0.2,-15.8,39.7,18.7,-0.5,8.4,12.3,-10.1,15.5,18.2
SAIC,0.9,-8.7,-6.9,15.2,11.2,-13.6,3.6,4.4,-5.3,-3.2,21.2
SAIL,6.3,0.9,-39.9,33.6,26.1,14.6,10.9,24.5,-2.5,-8.9,12.2
SAM,-5.7,4.0,-0.9,28.0,22.5,-5.5,45.8,8.8,0.3,19.0,-10.4
SANM,-7.0,-17.4,3.8,15.4,-0.4,-6.7,22.1,-4.6,-4.6,-9.3,30.2
SBAC,3.6,6.2,1.8,11.3,9.5,-6.2,3.4,-1.8,3.9,-7.9,-1.1
SBCF,-11.2,-8.3,-26.5,26.1,0.9,-5.9,-2.2,7.2,-10.6,19.3,17.6
SBH,-15.9,-19.0,-35.0,33.9,36.5,-6.3,-10.1,-3.9,-23.7,-9.9,37.4
SBNY,3.9,-11.8,-35.7,48.9,1.4,2.0,-2.6,-5.4,-13.7,-1.4,39.0
SBRA,0.7,-9.1,-44.1,33.3,10.4,2.0,1.2,0.6,-8.5,-8.7,25.2
SBSI,-5.5,-8.2,-5.7,10.6,-5.9,-0.2,3.6,-0.5,-11.2,10.1,9.1
SBUX,-3.5,-7.5,-16.2,22.5,5.7,-6.0,3.4,10.4,-0.2,0.3,12.7
SCHL,-14.3,-2.6,-20.6,20.1,6.8,0.9,-19.6,-6.0,-6.8,-7.4,20.0
SCHW,-4.2,-10.5,-17.5,14.4,-1.5,-7.6,0.4,7.2,1.2,9.0,18.7
SCI,4.2,-0.3,-18.2,-1.3,10.4,-1.1,10.4,5.3,-8.0,9.5,5.0
SCL,-3.7,-11.0,0.7,14.2,3.7,0.0,15.4,5.6,-6.9,8.2,-0.2
SCSC,-5.6,-18.5,-24.8,30.4,-2.7,-1.8,-1.1,7.6,-7.3,-0.2,24.9
SCVL,-3.8,-16.6,-30.6,42.6,15.8,12.5,-14.4,33.9,-6.7,-7.4,18.0
SEDG,2.9,27.4,-34.3,41.6,35.2,-7.9,23.8,26.3,6.5,3.5,7.9
SEE,-10.9,-14.6,-18.5,16.6,13.7,1.3,10.1,10.1,-3.6,-0.9,13.8
SEIC,-0.3,-16.2,-15.3,15.3,8.9,0.5,-3.6,0.1,-3.5,-3.7,7.3
SEM,-2.1,4.8,-37.3,29.6,10.5,-8.8,31.0,5.4,3.2,0.0,14.9
SENEA,-3.0,-12.2,14.6,-2.1,-3.2,-7.2,18.5,20.9,-24.7,0.5,13.6
SF,6.7,-15.8,-24.2,14.3,13.1,-2.8,6.1,4.6,-1.9,13.6,18.5
SFBS,-2.5,-6.0,-15.1,29.7,4.8,2.9,9.2,0.2,-7.9,6.0,2.4
SFM,-19.2,2.2,16.3,11.3,19.5,0.4,5.8,-11.5,-10.9,-10.0,11.1
SFNC,-10.5,-10.8,-13.9,8.9,-3.8,0.4,3.4,2.9,-7.6,7.4,14.8
SGH,-20.5,-11.0,-9.5,7.9,9.6,3.4,4.8,-9.6,6.0,-6.7,16.3
SGMS,-7.2,-26.6,-46.8,50.5,40.8,-4.6,8.7,17.7,62.1,-11.4,16.9
SHAK,13.2,-11.9,-36.5,67.6,7.4,-4.0,-8.6,40.6,-5.6,4.1,20.9
SHEN,-3.0,10.1,10.8,14.9,15.2,-6.6,-1.0,10.0,-20.1,-2.1,1.9
SHOO,-10.3,-15.2,-29.0,19.3,-2.0,2.0,-11.3,-0.1,-8.4,21.0,31.1
SHW,-4.5,-7.2,-11.1,26.2,12.8,-0.8,12.2,3.6,1.6,-0.4,8.7
SIG,11.8,-4.1,-72.3,57.9,16.2,-4.3,-2.0,60.8,2.5,16.6,36.0
SIGI,1.6,-15.8,-10.9,3.3,10.5,1.2,5.3,10.1,-14.4,0.1,18.7
SITC,-9.3,-9.4,-54.7,29.2,-0.9,32.6,-9.3,2.5,-6.3,-7.8,48.2
SIVB,-4.3,-13.4,-27.4,38.0,16.2,1.3,8.7,13.9,-6.1,18.5,18.6
SIX,-15.5,-33.7,-50.4,75.4,14.0,-19.9,-12.5,25.0,-5.5,8.4,42.1
SJI,-6.6,-12.2,-7.6,27.4,6.4,-11.2,-5.2,-5.1,-12.0,1.3,19.5
SJM,-0.5,-0.6,7.8,4.8,-1.4,-8.2,3.9,9.9,-2.1,-3.3,4.5
SKT,-0.7,-18.1,-58.3,60.7,-7.7,9.9,-8.8,-11.5,8.5,-1.1,52.7
SKX,-13.4,-11.5,-28.2,30.4,14.8,-2.2,-2.9,1.9,-0.6,0.6,5.6
SKYW,-14.6,-17.7,-42.3,43.0,17.8,-1.3,-16.2,27.9,-11.1,-5.6,47.9
SLAB,-15.2,-9.8,-3.7,25.3,2.1,9.1,2.6,1.9,-6.7,3.4,14.4
SLB,-16.6,-19.2,-50.2,33.6,17.3,-0.2,2.4,4.8,-16.5,-0.5,39.2
SLCA,-16.4,-10.7,-60.8,23.9,26.1,19.5,6.6,26.3,-32.6,1.1,58.8
SLG,0.2,-14.8,-45.1,33.5,-14.2,11.8,-4.2,0.6,-1.7,-9.5,35.2
SLGN,-0.7,-7.2,1.4,19.8,-1.3,-2.4,17.5,-0.5,-3.6,-6.2,-1.9
SLM,22.6,-5.0,-30.7,23.4,-6.3,-8.5,-2.3,12.9,5.3,12.9,15.5
SLP,12.1,-0.1,7.2,15.6,29.8,15.0,15.1,-15.4,23.5,-11.3,-13.7
SM,-18.3,-28.4,-81.4,293.2,6.3,-9.6,-18.7,-17.6,-30.9,6.6,162.7
SMG,15.6,-13.6,-3.4,23.1,14.0,-6.0,18.8,6.3,-10.1,-0.3,17.1
SMP,-8.7,-9.4,-5.5,6.3,8.7,-1.2,12.5,-0.1,-4.7,-0.3,1.1
SMTC,-8.9,-18.1,-5.0,28.7,24.6,-0.7,9.2,5.2,-10.4,1.3,22.9
SNA,-5.8,-9.3,-24.8,25.0,4.5,6.5,8.8,1.6,-2.8,8.6,11.6
SNBR,4.8,-14.6,-56.5,68.5,5.2,30.8,11.2,3.2,-2.4,28.1,9.5
SNEX,-2.4,-4.4,-20.4,20.1,30.2,11.9,-4.6,8.0,-9.8,4.5,16.3
SNPS,6.0,-6.5,-6.6,24.7,20.9,6.8,1.2,11.1,-5.0,-1.5,6.4
SNV,-10.7,-17.1,-39.5,29.8,-3.2,3.7,4.4,8.5,-3.9,21.2,21.4
SNX,7.0,-9.2,-41.5,22.3,24.3,9.3,6.3,1.9,9.5,-8.8,21.8
SO,10.5,-14.3,-10.3,13.1,4.9,-10.1,3.3,-4.4,4.7,5.2,4.2
SON,-7.4,-15.6,-3.9,7.4,6.2,-0.2,-0.3,2.5,-5.4,-5.2,18.8
SPG,-10.6,-7.6,-55.4,41.9,-8.7,11.0,-10.7,8.8,-3.7,-5.6,31.5
SPGI,7.6,-9.5,-7.8,25.0,13.6,0.7,4.7,4.6,-2.1,-11.3,9.0
SPOK,-13.2,-6.2,7.3,-4.4,3.7,-7.6,11.9,8.2,-11.7,-3.8,8.3
SPPI,-30.5,13.0,-18.5,37.4,9.7,11.6,-19.0,40.8,-0.5,-17.7,37.3
SPSC,2.5,-7.4,-11.6,20.2,25.5,8.7,-1.2,6.3,-5.4,6.4,20.4
SPTN,-14.5,2.1,15.2,23.8,26.5,-0.7,1.5,-5.0,-18.1,10.1,2.6
SPXC,-3.6,-14.6,-22.2,34.0,10.2,2.1,4.9,-0.4,10.2,-10.1,20.9
SR,1.2,-11.0,-0.8,6.3,3.2,-10.1,-7.4,-5.6,-6.8,6.6,14.1
SRC,7.3,-13.8,-42.5,34.4,-1.8,13.7,-2.0,3.0,-5.2,-13.4,22.6
SRCL,-1.8,-8.4,-15.4,5.0,18.4,1.6,10.0,6.1,-2.5,-1.6,13.1
SRDX,-4.9,-11.4,-4.6,14.9,-2.7,15.7,10.2,-4.3,-14.0,-5.5,1.9
SRE,6.0,-13.0,-19.2,19.4,5.3,-9.2,2.6,-0.7,-3.2,5.2,1.7
SSD,3.0,-3.9,-22.0,19.5,13.7,4.7,19.2,1.8,-2.9,-8.9,3.6
SSP,-22.7,-2.0,-36.6,22.5,13.8,-1.1,32.9,-2.3,1.6,-21.9,40.5
SSTK,1.0,-11.1,-16.6,28.4,4.2,-5.8,50.4,-7.4,0.5,23.0,5.1
STAR,0.3,3.9,-29.9,13.5,13.0,9.7,-5.6,6.6,-4.8,-0.8,19.5
STBA,-6.7,-12.6,-16.9,3.2,-13.0,5.4,-3.9,-6.1,-12.5,11.1,13.1
STC,2.4,-13.3,-26.3,30.0,0.3,3.1,33.1,1.7,-3.3,-4.6,-1.2
STE,-1.1,5.3,-11.8,3.5,17.3,-7.4,3.5,0.0,11.0,1.6,9.4
STL,-5.1,-17.1,-37.0,33.7,7.2,-6.8,2.0,3.7,-9.5,25.2,19.4
STLD,-12.2,-10.9,-15.4,10.6,8.8,-2.9,7.4,7.7,-4.9,8.2,15.0
STMP,-10.8,89.4,-7.8,27.4,28.3,-9.1,32.9,-4.2,-3.1,-11.8,-16.0
STOR,5.4,-16.3,-44.9,23.5,0.7,14.5,-0.9,14.1,0.9,-9.6,26.7
STRA,2.1,-9.2,-5.2,29.2,12.9,-10.9,-20.4,-18.7,-10.8,-9.2,13.0
STT,-4.4,-9.9,-21.8,25.1,3.2,1.9,2.7,6.7,-13.5,0.3,19.7
STX,-4.2,-15.9,1.8,4.4,11.2,-7.2,-4.4,6.1,4.7,-2.5,23.0
STZ,-0.8,-8.5,-16.8,20.3,6.9,1.0,-4.1,3.5,1.9,-10.5,24.6
SUPN,-3.6,-21.3,0.0,35.3,3.9,-0.5,-7.1,-1.2,-1.2,-14.4,16.0
SVC,-11.3,-16.2,-70.1,31.7,10.3,-2.9,-2.9,22.5,-2.8,-12.9,64.5
SWK,-3.9,-9.8,-30.4,19.6,17.8,11.4,13.1,5.2,-1.9,2.2,10.9
SWKS,-6.4,-11.5,-10.8,26.0,19.9,7.4,15.7,-0.5,-0.7,-7.1,-0.1
SWM,-16.6,-3.7,-17.5,18.3,-1.3,8.8,0.6,-6.8,1.4,7.0,4.8
SWN,-35.1,-9.6,19.0,98.2,9.9,-17.2,-3.6,14.4,-11.7,17.6,16.5
SWX,-0.6,-14.3,7.5,15.9,2.6,-8.0,2.7,-9.7,2.5,4.6,-2.2
SXC,-5.6,-21.6,-16.5,-13.0,7.9,-8.6,8.9,12.2,0.0,3.9,28.9
SXI,-7.9,-13.2,-22.7,9.1,9.1,7.3,-3.2,8.0,1.2,3.3,21.5
SXT,-9.6,-17.7,-11.5,15.8,6.3,3.7,1.0,5.8,1.5,11.9,9.6
SYF,-10.0,-10.2,-44.7,36.4,10.0,5.0,2.4,12.1,5.3,-6.1,21.8
SYK,0.4,-9.5,-12.6,28.9,8.4,-8.6,5.1,2.5,5.2,-3.2,15.5
SYKE,-9.2,-5.7,-14.4,17.5,-2.6,1.4,1.6,20.6,4.3,-1.5,9.9
SYNA,1.4,-1.0,-12.4,18.7,1.0,-4.4,36.0,6.6,-8.0,-4.9,1.4
SYNH,3.2,3.2,-37.8,54.2,14.6,-4.9,8.2,1.1,-14.0,-5.5,24.0
SYY,-4.0,-18.9,-31.5,34.4,4.5,-4.4,-1.6,13.8,3.5,-11.7,28.9
T,-3.7,-6.4,-17.2,8.6,3.2,-2.3,-1.1,0.8,-3.3,-5.2,6.4
TALO,-27.2,-35.3,-59.5,122.5,19.1,-27.9,-22.0,10.3,-9.2,3.3,30.1
TAP,3.1,-10.7,-21.4,8.3,-2.5,-9.5,7.0,0.3,-9.3,7.6,30.5
TBI,-8.9,-32.1,-14.2,20.8,1.4,-1.7,5.7,9.7,-7.3,1.6,23.1
TBK,2.5,-13.1,-23.2,16.7,-6.5,-0.4,14.4,9.0,7.0,28.2,7.9
TCBI,-3.2,-14.3,-52.9,35.8,-3.2,9.0,12.4,-2.5,-3.3,42.0,24.2
TCF,-9.7,-13.8,-37.8,41.2,5.9,-1.0,-1.1,-2.2,-13.0,14.3,23.5
TCMD,-16.8,-10.3,-20.3,36.9,-0.6,-16.4,0.3,-6.2,-1.5,-0.8,17.9
TCO,-15.0,97.0,-19.6,1.6,-1.5,-11.1,0.8,-1.1,-12.7,-3.1,27.8
TDC,-9.1,-18.1,2.8,24.6,-9.3,-3.1,2.0,16.0,-5.1,-17.4,19.4
TDG,14.9,-13.3,-42.6,33.2,21.6,0.7,-1.8,15.8,-5.7,-0.8,21.3
TDS,-10.8,-11.2,-16.8,25.5,13.1,-4.8,-2.9,19.1,-19.5,-7.5,11.6
TDY,5.3,-7.6,-11.9,17.5,17.0,-14.8,0.8,2.3,-1.5,0.5,22.3
TECH,-4.3,-10.0,0.4,21.3,16.4,0.8,3.4,-7.2,-3.8,1.5,20.2
TEL,-3.8,-10.1,-24.0,24.3,15.1,-3.5,11.3,8.5,-0.8,-1.7,17.6
TER,-3.2,-11.0,-7.8,19.9,15.9,25.8,7.3,-4.5,-6.9,8.1,25.6
TEX,-14.9,-13.2,-34.8,4.4,14.6,12.5,6.1,3.8,-1.8,21.4,25.6
TFC,-8.4,-10.5,-33.2,31.1,3.8,-1.3,2.9,3.6,-2.9,8.7,10.2
TFX,-1.3,-9.8,-12.6,19.9,10.2,-0.4,1.1,5.3,-14.5,-5.6,20.3
TG,-8.9,-16.2,-8.4,8.0,-5.7,-3.4,6.7,6.6,-14.4,-3.1,8.4
TGI,-19.2,-7.0,-64.4,36.4,18.7,16.6,-22.7,6.6,-9.8,-8.3,99.5
TGNA,1.3,-15.3,-24.2,1.0,11.2,-5.7,6.4,6.3,-4.7,4.9,19.8
TGT,-13.6,-7.0,-9.7,15.2,13.0,0.4,5.8,20.1,4.6,-4.0,17.9
THC,-16.8,-16.9,-45.2,55.1,24.4,-18.6,43.2,6.6,-13.8,-1.3,28.1
THG,1.4,-14.5,-23.6,14.2,5.1,-0.5,2.7,0.6,-8.6,2.2,17.4
THO,8.4,-6.3,-44.1,75.2,37.0,22.1,8.4,-17.2,0.2,-14.2,14.1
THRM,3.9,-11.6,-23.0,26.9,13.0,-4.1,1.6,16.7,-10.3,10.6,22.8
THS,-8.0,-14.6,15.8,18.1,4.0,-18.0,1.5,-2.3,-3.2,-5.0,5.9
TIF,0.3,-0.3,-3.1,-2.2,0.8,-5.1,2.6,-2.3,-6.2,12.8,0.5
TILE,-3.1,-9.3,-48.2,26.4,-5.9,-4.0,6.5,-5.3,-16.4,-2.7,36.1
TISI,-14.8,-6.4,-48.9,0.5,-8.9,6.7,-28.2,61.3,-16.5,-1.8,62.5
TJX,-3.3,1.3,-20.1,9.9,9.3,-5.2,1.6,5.4,0.7,-11.0,25.0
TKR,-6.7,-14.6,-27.9,25.3,18.4,7.7,3.0,18.7,-4.0,10.8,23.0
TMHC,18.4,-13.0,-51.2,61.7,41.2,-1.5,25.9,0.3,-1.0,-15.7,17.0
TMO,-3.6,-7.1,-2.5,21.6,5.9,3.7,15.1,3.6,1.8,8.0,-1.7
TMP,-5.9,-7.7,-9.7,-0.2,-5.6,3.4,4.0,2.6,-13.6,-0.2,13.6
TMST,-18.8,-20.5,-36.3,-15.9,34.6,5.7,-2.7,2.7,-9.2,5.2,21.7
TMUS,1.0,13.9,-6.9,3.1,16.1,4.5,1.2,8.7,-2.2,-5.3,21.3
TNC,-0.9,-7.4,-19.0,14.0,9.4,0.3,5.3,-0.2,-11.5,0.6,12.6
TOL,12.3,-16.5,-48.0,36.9,35.5,1.4,21.2,10.5,10.8,-14.6,12.0
TPH,4.4,-5.7,-42.8,45.9,30.8,3.0,18.9,1.0,1.8,-11.5,6.4
TPR,-4.4,-9.0,-44.8,34.4,-10.3,-6.4,3.0,10.3,6.0,39.8,27.4
TPRE,3.5,-18.1,-16.9,6.1,3.9,2.0,4.7,9.9,-19.6,11.3,22.6
TPX,5.2,-18.4,-41.5,43.5,23.8,9.2,11.9,5.7,2.0,-0.8,13.2
TR,-0.1,-6.0,15.5,-2.1,3.1,-3.5,-7.3,0.9,-1.5,-4.0,3.6
TREE,2.6,-11.4,-33.5,58.0,7.8,8.1,18.0,-10.8,-1.7,3.0,-21.0
TREX,9.3,-2.6,-16.2,32.9,30.7,8.5,11.6,7.3,-8.0,-5.3,7.6
TRHC,19.3,-3.3,-6.9,32.8,-11.0,2.1,3.7,-10.0,-19.6,-16.0,-0.2
TRIP,-10.1,-14.2,-25.8,19.8,5.0,-13.0,5.3,15.5,-15.4,-3.8,36.6
TRMB,2.0,-7.1,-19.4,19.0,19.1,7.8,4.1,17.7,-8.8,-1.5,24.4
TRMK,-7.3,-15.9,-13.4,19.6,-7.1,4.5,-4.0,4.3,-9.0,9.1,6.1
TRN,-8.2,0.1,-21.0,27.1,6.7,6.5,-5.5,4.8,-6.6,-3.2,21.3
TROW,9.6,-11.6,-17.3,23.2,9.5,1.3,12.7,0.8,-7.9,-1.1,13.2
TRST,-8.5,-13.5,-21.1,19.5,1.9,1.4,-4.7,2.9,-11.2,3.7,10.5
TRUP,-14.8,-3.7,-15.3,21.7,6.9,35.4,12.0,24.0,16.0,-11.9,41.7
TRV,-3.9,-9.0,-17.1,6.3,11.4,4.5,1.7,1.4,-5.7,12.0,7.4
TSCO,-0.5,-4.8,-4.5,20.8,19.5,7.4,7.6,4.3,-3.8,-6.2,5.7
TSE,-22.8,-23.8,-17.2,22.3,9.0,5.5,0.4,14.8,-0.3,24.8,19.4
TSN,-9.2,-17.9,-14.7,12.4,2.4,-4.6,4.9,2.2,-5.0,-3.4,13.9
TT,0.2,-3.1,-17.5,8.1,3.9,-1.6,25.9,5.8,0.9,8.9,10.2
TTC,0.4,-10.7,-8.9,3.6,13.7,-3.6,7.8,5.5,8.2,-2.1,10.5
TTEC,0.3,-5.8,-1.9,19.5,14.3,9.7,2.3,19.4,-6.0,-1.1,23.5
TTEK,-0.6,-5.5,-12.7,14.2,9.6,0.3,12.2,4.1,1.6,3.9,18.2
TTGT,-2.7,-8.9,-10.9,19.2,23.3,11.9,20.8,9.3,4.8,-1.7,19.9
TTMI,-4.4,-9.7,-20.4,20.2,6.0,2.3,8.7,-6.9,-2.5,2.6,10.0
TTWO,1.8,-13.8,10.4,4.1,11.0,2.5,13.8,4.4,-4.2,-6.7,16.5
TUP,-27.0,-54.5,-43.2,126.8,14.5,45.7,176.5,5.6,12.1,49.7,6.1
TVTY,6.4,-41.5,-50.4,70.2,17.2,2.1,16.8,24.7,-13.1,-5.9,34.0
TWI,-21.0,-22.4,-30.2,0.7,-3.1,13.2,8.8,59.7,16.1,-2.8,82.5
TWTR,1.3,2.2,-26.0,23.0,11.2,-6.6,18.1,11.5,8.1,-11.4,12.5
TXN,-6.0,-5.4,-12.4,19.8,8.2,7.7,2.2,11.4,-1.5,-0.2,11.5
TXRH,11.0,-10.0,-26.5,30.0,15.6,-0.8,9.0,12.1,-5.4,9.4,8.2
TXT,3.0,-11.6,-34.3,6.0,18.1,4.3,9.5,12.9,-8.4,2.0,26.0
TYL,7.9,-3.2,-5.4,10.0,19.2,-7.7,2.0,-3.3,0.3,7.6,11.2
UAA,-6.6,-29.7,-35.1,26.2,-10.7,5.2,9.9,-6.7,9.6,16.7,19.7
UAL,-15.1,-17.7,-48.8,15.3,5.3,17.5,-8.9,14.7,-3.5,-3.8,33.0
UBA,-8.7,-9.1,-31.6,14.4,-7.1,-10.6,-16.2,-5.2,-2.1,1.1,47.6
UBSI,-11.3,-15.8,-20.1,32.4,-0.1,-4.0,-1.1,-0.7,-17.8,18.2,11.6
UCBI,-9.6,-11.3,-26.1,18.7,-2.5,3.1,-5.4,1.1,-6.6,23.0,14.2
UCTT,-2.0,-9.1,-34.0,38.7,27.8,9.7,32.7,-18.5,-13.5,-5.1,48.6
UDR,2.6,-6.1,-18.8,13.6,2.4,-1.0,-6.9,-3.8,-5.8,-7.6,23.1
UE,-4.1,-11.9,-45.6,38.1,-7.4,15.8,-11.0,0.8,-9.9,-7.8,38.1
UEIC,-5.2,-14.8,-9.1,19.0,13.4,4.0,1.1,-10.8,-7.1,-2.6,42.1
UFCS,1.2,-13.4,-14.9,-9.7,-1.6,2.2,-5.3,-0.7,-17.8,1.4,6.5
UFI,-14.8,-0.7,-46.0,8.9,19.0,-3.6,-4.5,2.3,6.0,13.0,1.0
UFPI,0.4,-2.2,-20.6,21.0,13.7,8.7,23.0,1.9,-7.3,-12.9,7.5
UFS,-8.9,-17.4,-24.8,18.2,-9.5,0.7,4.0,35.9,-8.9,-9.3,26.0
UGI,-7.9,-13.3,-26.0,22.5,8.7,-1.9,4.7,3.6,-3.7,-0.9,9.7
UHS,-4.4,-9.8,-19.9,20.2,6.4,-11.2,17.9,0.4,-3.2,3.2,19.2
UHT,5.1,-12.7,-6.4,25.1,-9.0,-14.3,-13.0,-4.1,-15.3,-8.3,13.0
UIHC,-19.6,-7.3,-1.7,5.6,-8.5,-0.8,-1.2,2.3,-19.3,-28.3,0.9
UIS,-18.1,59.9,-20.5,21.5,-4.3,-5.6,13.1,-1.9,-10.6,23.0,11.0
ULTA,5.8,-4.0,-31.7,34.9,13.9,-14.9,-5.2,20.3,-3.8,-9.6,33.2
UMBF,-3.2,-12.5,-20.2,17.2,5.0,-1.0,2.4,7.9,-9.9,23.7,11.7
UMPQ,-4.5,-8.9,-29.2,23.3,-3.5,-9.4,5.0,4.0,-6.8,14.3,10.6
UNF,1.0,-8.9,-18.7,18.7,8.4,-0.6,7.8,3.3,-2.4,-13.5,12.9
UNFI,-17.8,-10.1,41.9,20.2,75.0,-14.1,12.7,-9.1,-21.8,-8.0,18.4
UNH,-7.3,-6.4,-2.2,23.2,7.1,-3.6,1.7,3.2,-0.3,-2.5,10.2
UNIT,-22.9,54.2,-38.2,20.8,24.1,7.0,4.5,-0.8,4.9,-16.4,16.6
UNM,-8.5,-12.7,-35.6,33.2,-8.2,3.3,8.4,7.3,-9.2,3.9,25.9
UNP,-0.8,-10.9,-11.7,17.1,8.4,-0.3,3.9,11.0,0.5,-8.8,15.2
UNVR,-11.1,-21.2,-36.9,45.1,14.9,6.5,6.1,2.9,-9.1,-3.0,7.9
UPS,-11.6,-12.6,3.2,4.7,8.5,12.0,24.8,14.6,2.4,-6.3,8.9
URBN,-7.8,-8.2,-39.4,31.7,1.0,-12.1,9.8,42.3,-11.2,2.9,22.6
URI,-18.6,-2.4,-22.3,33.9,16.4,6.5,6.6,14.0,-4.4,1.7,27.3
USB,-10.2,-12.7,-25.8,14.3,1.8,0.4,2.4,-1.2,-2.3,8.2,10.9
USCR,-14.6,-24.6,-32.4,18.0,19.9,16.5,9.2,7.5,5.2,17.6,4.5
USNA,-21.5,7.1,-12.6,61.4,0.2,-14.8,9.5,-3.4,-4.8,1.0,-0.6
USPH,2.4,-11.0,-33.8,28.0,6.7,8.2,3.3,7.0,-2.1,-8.6,33.9
UTHR,10.9,5.4,-7.9,16.7,8.1,0.6,-7.9,-4.0,-4.3,30.1,-1.2
UVE,-13.0,-15.0,-13.4,13.8,0.4,0.3,0.5,5.9,-25.9,-10.0,11.9
UVV,-6.9,-7.1,-10.4,11.9,-4.0,-1.0,0.6,3.0,0.0,-4.7,14.2
V,5.9,-8.6,-11.4,16.7,11.2,-0.6,-1.7,11.3,-6.3,-10.6,15.8
VAC,-6.6,-19.5,-42.6,65.8,17.0,-11.6,1.8,11.8,-5.2,3.1,31.8
VAR,-1.0,-12.5,-16.5,21.1,9.0,0.0,17.4,21.7,-1.0,0.7,0.7
VBTX,-2.8,-15.0,-42.0,32.7,2.7,0.9,0.7,7.5,-4.4,13.2,9.9
VC,-7.8,-18.5,-26.2,42.7,19.5,-7.9,8.3,3.9,-9.5,26.3,34.8
VECO,-13.2,5.0,-28.5,34.3,11.7,13.5,3.7,-12.1,-4.6,4.1,30.6
VFC,-16.7,-13.2,-24.9,19.4,1.2,4.9,-0.4,8.9,5.5,-6.1,24.1
VG,19.7,1.0,-19.3,24.0,19.0,3.7,18.3,-4.2,-13.8,4.4,21.6
VGR,-1.9,-11.6,-18.9,13.8,9.1,-11.8,-11.2,14.2,-3.2,-6.2,22.3
VIAC,-18.7,-27.9,-43.1,35.1,26.0,8.3,10.5,6.8,1.1,3.2,23.5
VIAV,-6.0,-6.5,-15.0,13.2,-2.0,3.4,12.3,-3.6,-11.7,3.7,9.7
VICR,7.1,-13.6,3.0,26.5,18.1,18.7,13.7,6.8,-11.7,-1.1,5.1
VIVO,0.7,-18.8,5.1,53.1,30.4,49.3,7.4,-42.3,23.3,-0.1,10.2
VLO,-10.0,-21.4,-31.5,54.5,13.4,-11.7,-0.4,-6.5,-17.4,-4.1,39.3
VLY,-8.0,-11.7,-21.4,23.2,0.8,-1.9,0.4,0.5,-8.9,10.7,19.6
VMC,-1.6,-15.1,-10.1,5.5,-2.1,7.9,1.3,2.2,10.9,7.8,-3.6
VMI,-5.2,-18.2,-8.8,10.4,0.5,-0.9,8.6,4.8,-3.7,15.6,14.8
VNDA,-22.3,-13.5,-6.1,19.0,3.3,-3.9,-15.5,2.1,-3.7,8.2,14.2
VNO,-1.1,-18.5,-32.4,30.2,-13.8,0.2,-10.6,3.8,-3.9,-11.3,26.6
VNT,#N/A,#N/A,#N/A,#N/A,#N/A,#N/A,#N/A,#N/A,#N/A,-15.5,15.4
VRA,-18.8,-13.8,-50.1,54.8,1.0,-22.5,4.7,20.2,12.9,-3.5,33.8
VREX,-7.2,-16.0,-2.2,26.7,-26.3,-19.3,4.9,-29.3,21.0,7.7,24.5
VRSK,8.8,-4.5,-10.1,8.6,12.5,0.5,9.4,-1.1,-1.3,-4.1,11.4
VRSN,8.0,-8.8,-5.1,19.4,6.8,-5.6,0.6,1.5,-5.1,-8.0,5.3
VRTS,1.1,-10.3,-31.1,12.3,0.0,14.2,20.2,4.4,-2.5,15.4,12.1
VRTU,-8.1,5.9,-35.6,23.3,-7.6,7.2,29.7,-2.6,23.5,1.9,-0.4
VRTV,-28.4,-14.5,-34.7,21.7,36.8,35.8,-6.1,13.5,-27.8,10.7,29.0
VRTX,3.7,-1.3,6.2,11.4,13.0,1.3,-5.0,2.6,-1.2,-23.8,9.3
VSAT,-13.0,-9.7,-37.5,28.9,3.7,-11.6,3.2,4.7,-12.5,-1.3,0.3
VSH,-4.7,-7.8,-22.9,25.8,1.7,-7.1,6.5,1.9,-4.4,2.5,19.4
VSTO,-0.7,-1.1,19.7,8.0,-1.3,35.6,14.6,13.2,-0.5,-5.8,4.4
VTOL,-2.3,-1.4,-45.6,1.2,5.5,-5.4,19.5,18.1,7.4,-4.7,7.1
VTR,0.2,-7.1,-50.2,41.0,15.2,3.2,0.1,7.4,0.2,-9.2,21.4
VTRS,6.6,-19.7,-13.3,17.6,5.9,-8.7,2.3,1.7,-4.3,-1.8,15.7
VVI,-3.7,-22.8,-57.7,26.0,-16.9,-1.6,-23.0,48.2,-3.7,-7.7,49.9
VVV,-1.5,-7.5,-32.9,44.5,10.2,3.6,7.8,-0.6,-6.2,3.2,15.9
VZ,-3.2,-8.9,-0.8,8.6,1.0,-1.2,5.1,3.1,0.6,-4.1,6.0
WAB,-5.1,-7.0,-29.9,22.3,12.2,-7.0,7.2,7.0,-10.2,-2.4,23.6
WABC,-6.5,-8.7,1.7,7.9,-3.9,0.5,8.8,0.8,-10.2,-2.6,5.3
WAFD,-7.2,-11.8,-13.4,6.7,1.0,3.2,-9.8,0.5,-11.6,1.9,9.8
WAT,-4.2,-12.9,-6.6,2.6,12.2,-9.7,18.3,1.5,-7.7,13.9,4.1
WBA,-13.8,-10.0,0.0,0.6,3.1,-2.1,-0.4,-6.6,-2.3,-5.1,11.7
WBS,-15.9,-15.4,-39.7,38.5,4.4,0.4,0.8,0.8,-3.7,22.1,17.5
WD,2.6,-2.3,-37.9,14.9,8.8,23.4,3.2,8.7,-4.7,14.8,27.2
WDC,3.2,-15.2,-25.1,19.2,9.6,2.5,1.5,-10.9,-2.1,3.9,19.0
WDFC,-3.8,-7.7,16.4,-7.5,13.6,4.5,-0.2,4.0,-7.7,29.9,4.5
WDR,-4.4,-13.9,-17.3,33.7,-7.5,16.6,-4.9,8.0,-5.4,5.5,7.2
WEC,8.3,-7.6,-4.5,8.4,3.7,-5.9,6.6,-1.2,3.5,2.3,-5.6
WELL,3.8,-11.9,-38.8,26.2,7.1,-2.5,-0.1,7.4,-5.2,-4.7,17.1
WEN,-2.4,-12.9,-21.2,42.2,9.2,-0.5,4.1,-9.7,6.4,-4.4,0.6
WERN,1.3,-8.8,7.9,16.2,12.8,-3.4,4.8,4.6,-9.0,-9.6,5.2
WETF,-13.0,-3.6,-42.6,42.7,-2.0,12.1,4.7,3.9,-14.8,12.0,17.6
WEX,3.6,-13.7,-44.2,42.0,16.4,8.3,-2.7,0.8,-15.0,-9.8,36.9
WFC,-12.8,-13.0,-29.7,9.3,-4.1,-5.5,-3.3,-0.5,-2.2,-9.0,27.5
WGO,3.4,-5.2,-46.4,62.8,31.8,17.1,-8.8,-10.6,-3.5,-11.4,12.7
WH,-9.0,-10.9,-38.2,34.2,27.1,-12.0,1.6,18.6,-3.9,-8.7,23.6
WHR,-0.9,-12.5,-32.9,38.6,8.6,4.7,28.4,9.0,3.2,1.0,5.2
WING,7.6,-9.0,-5.6,47.0,3.2,13.8,9.0,4.6,-17.8,-17.1,9.4
WIRE,-5.4,-9.8,-14.3,15.5,6.4,1.9,5.8,2.8,-10.2,-1.7,11.8
WLTW,4.6,-10.4,-10.3,14.1,10.7,-2.7,7.6,-2.1,0.2,-13.1,14.1
WM,6.8,-8.9,-16.5,13.1,8.7,-0.1,4.3,4.0,-0.4,-4.4,10.4
WMB,-12.8,-7.9,-25.7,45.3,10.1,-6.9,1.7,8.5,-6.3,2.2,9.3
WMT,-3.7,-5.9,5.5,6.5,0.9,-3.4,8.1,7.3,-5.2,-3.0,10.1
WNC,-21.0,-5.3,-34.2,25.2,19.1,16.8,15.6,7.2,-2.4,19.3,24.0
WOR,-12.8,-13.5,-17.5,7.1,17.5,21.4,3.9,11.0,-4.3,15.5,5.1
WPX,-13.0,-21.9,-67.3,122.9,4.4,8.0,-1.8,-6.9,-13.1,-0.9,54.4
WRB,6.4,-8.7,-22.3,7.5,12.6,-1.2,8.3,0.5,-2.4,-1.1,8.3
WRE,4.3,-11.8,-11.1,7.7,-1.8,1.0,-0.7,-1.9,-7.0,-15.4,32.8
WRI,-6.9,-7.5,-46.4,34.7,2.7,-0.2,-11.4,2.4,-5.4,-10.3,31.8
WRK,-9.1,-14.7,-15.0,20.5,-9.0,-1.1,-2.9,12.9,8.3,10.2,12.4
WRLD,0.1,-9.7,-30.1,35.7,12.7,-1.5,11.8,22.5,11.5,-23.2,34.4
WSM,-4.6,-11.0,-31.8,64.5,38.1,0.9,2.7,0.7,2.7,-2.7,20.0
WSO,-3.5,-9.7,0.7,1.9,11.5,1.5,32.6,3.8,-5.9,-3.4,1.4
WSR,-3.8,-6.2,-49.6,16.9,-8.1,16.1,-7.9,-2.6,-6.5,-4.0,26.2
WST,3.7,-3.5,1.1,26.3,12.7,7.1,19.5,5.6,-2.4,-1.3,1.1
WTFC,-10.7,-15.6,-38.5,36.5,6.4,2.5,2.7,1.7,-7.8,20.1,10.7
WTRG,10.7,-17.2,-5.4,8.2,8.3,-2.2,4.7,-6.3,-4.0,0.9,9.9
WTS,-0.1,-5.8,-9.9,10.1,1.4,-1.5,5.5,14.1,3.8,9.7,5.8
WU,0.4,-16.8,-19.0,8.4,8.1,4.4,11.9,-2.8,-9.2,-9.5,16.0
WW,-13.7,-9.0,-43.6,80.3,2.3,3.3,1.7,-8.9,-17.6,4.2,39.5
WWD,-1.8,-11.3,-42.4,12.1,17.2,10.8,-1.1,14.3,-6.2,-1.8,40.6
WWE,-24.6,-4.3,-27.5,32.4,5.4,-7.8,4.0,-5.4,-7.0,-9.9,18.4
WWW,-6.4,-16.7,-42.2,59.5,4.5,10.0,2.8,3.9,-1.3,0.1,8.2
WY,-4.1,-10.3,-34.8,35.7,12.4,6.7,25.3,9.0,-7.3,-5.2,6.4
WYND,-6.1,-17.8,-45.6,28.4,31.0,-15.2,-7.8,9.0,3.8,4.2,28.9
WYNN,-9.2,-14.4,-44.3,58.4,3.0,-13.9,-1.8,20.7,-16.8,0.5,38.8
X,-20.5,-11.6,-21.3,20.2,7.1,-14.7,-3.2,17.6,-5.9,29.1,46.9
XEC,-16.4,-24.7,-49.1,69.5,11.9,0.2,-7.1,13.6,-15.8,8.5,41.7
XEL,9.0,-9.9,-3.2,9.4,4.6,-4.9,7.6,0.6,0.7,-0.5,-3.8
XHR,-13.5,-20.0,-31.1,8.3,-2.2,1.4,-13.5,12.8,-0.9,-9.2,71.0
XLNX,-13.6,-1.2,-6.6,14.0,10.8,8.3,15.1,-3.0,-1.0,12.1,22.6
XNCR,-1.3,-4.3,-8.0,5.3,7.8,6.3,-5.8,18.8,12.3,-4.2,10.3
XOM,-11.0,-17.2,-26.2,23.8,5.4,-3.4,-3.7,-5.1,-12.9,-1.5,16.9
XPER,-13.0,6.8,-19.1,17.7,-4.5,5.5,24.3,-32.0,-4.6,9.3,53.9
XPO,11.6,-16.8,-34.1,44.5,22.5,-1.5,-2.0,17.7,-6.2,5.7,18.5
XRAY,-1.0,-12.1,-21.1,13.7,15.5,-6.5,-0.8,0.6,-2.5,8.5,7.8
XRX,-3.5,-9.5,-41.2,3.9,-6.8,-10.1,9.9,13.3,1.4,-6.9,25.9
XYL,3.6,-5.3,-15.8,20.3,-4.3,-1.6,14.7,9.9,2.9,5.5,10.1
Y,-0.2,-15.7,-17.8,3.7,1.2,-4.5,7.6,6.2,-6.7,4.0,5.2
YELP,-6.4,-4.1,-42.3,31.9,-1.9,4.2,12.2,-7.4,-11.2,-5.5,62.4
YETI,4.5,-16.8,-35.5,52.9,23.2,32.7,11.5,5.1,-15.4,6.3,27.7
YUM,5.0,-15.6,-23.2,27.8,7.1,-4.0,5.3,5.3,-5.0,1.6,13.4
ZBH,-1.2,-7.9,-25.8,33.5,8.7,-6.7,13.0,4.5,-3.1,-3.8,12.9
ZBRA,-6.4,-11.7,-13.0,30.1,15.9,-3.4,11.8,2.1,-12.1,9.7,33.4
ZEUS,-18.0,-18.0,-14.1,-0.3,9.9,7.8,-6.1,4.0,-2.2,-1.9,30.1
ZION,-12.4,-12.2,-33.0,24.8,6.5,1.7,-0.2,-1.0,-9.2,10.8,19.6
ZTS,1.4,-0.7,-11.7,15.5,9.3,-0.9,10.6,5.6,2.0,-3.3,1.2
ZUMZ,-9.8,-14.9,-34.7,42.0,14.5,10.9,-16.2,11.2,5.0,0.8,32.5
ZYXI,22.1,35.5,-15.0,61.7,18.5,26.2,-21.7,-22.6,22.2,-29.8,9.0
